PCA1,PCA2,Cluster
1.767497800041247,-1.3336430181767953,1
-1.4595561104384012,0.3416215516394183,0
0.8544490553316326,-0.809538880533117,1
-1.7681454152385776,0.21207047427290765,0
0.08695054585442565,-0.645917202690251,1
0.7458649948626935,-0.9719673757559618,1
0.37378218367002347,-0.8608253103746268,1
-1.2137859698591842,-0.10380582031620561,0
-1.611047951422676,0.12917700572940286,0
-1.2711050157639148,1.0195515526048566,0
-1.3091625697189355,0.31868192976129445,0
-2.273450883414551,0.2885511915873155,0
0.4905314437374282,-0.3315670705567274,1
-0.18796673298810523,-0.4310449752771936,1
-2.08948661491973,0.31930095573403194,0
3.0326123148343154,1.3516892165392724,2
-1.1247347876115663,-0.060562112893766014,0
-0.8244978581902185,-0.2758253845782369,0
2.9160227861852244,-0.08836160915307392,2
-1.4979293481304197,0.17382279028417955,0
-0.8447712472161912,-0.27279844870726705,0
1.1610517437043597,-1.9462892851870155,1
1.2439601237241926,0.492246549731807,1
0.3945845848665523,-0.6884885483118773,1
-0.10478571171157712,-0.8521962145144669,1
-1.897940709133313,0.17336910485851204,0
-0.40041913751885894,-0.40066207863421516,0
0.3935512463446429,-0.9213031927235151,1
-1.5072769952291871,0.2931179724808533,0
2.8189243080689175,0.09974824421605788,2
-2.275141591119349,0.34680510266543474,0
-1.1883187069463272,0.13293493481788396,0
-0.7835264722143536,1.4200217537691122,0
-0.40804624725089617,-0.5160439209248913,0
1.1855872147432631,-0.8462823584987677,1
-1.2115387269621154,0.18745365616055315,0
1.1973399341615063,-1.1518269810253103,1
-1.689977741658618,0.08321111510535462,0
-1.4607569727250171,0.28408695179530224,0
1.2399062154811362,0.195786423815903,1
1.68431243073086,-0.9152591773192785,1
-1.8666388436850112,0.16795497281751293,0
-2.2463149715234954,0.5781006134034136,0
-1.1459954751568378,0.29931997605098304,0
-2.3674033881943717,0.3607549339100522,0
0.7637410709389031,-0.317520512154006,1
-1.8906456733838706,-0.062148874037040454,0
-1.2973455339382494,0.08213576684756091,0
-0.8833672269892594,-0.03711948893643699,0
2.121149975306815,-1.6322635704390118,1
0.039570214751230126,-0.34122601301575106,1
2.4046974190289725,-1.427378712290957,1
-1.5045179692450046,0.17289796770335683,0
2.869351095123963,1.798635598307748,2
0.6125573875375606,-0.8373690721338716,1
3.037510865473794,0.07573756286979172,2
1.0639949426018318,-0.7722051792322097,1
-2.0801736207552852,0.5532571450709752,0
-1.1535001596835408,0.17810045992085255,0
0.24734299401709475,-0.7850418276262477,1
2.5120822001938286,1.8469017856473349,2
0.5612827601315479,-0.7704712181549384,1
1.0854399635301033,-1.1948322059179457,1
0.5183035044067282,-0.7052022444445425,1
0.7989782952016694,-0.4968643296916104,1
-1.9407818750297898,0.35546424665921306,0
-1.8469114463894103,0.3995536931676086,0
3.6542434842101614,0.7848301618087232,2
0.4728921509425118,-0.5789252818106174,1
1.6446284353970264,-0.8450455749307886,1
1.1319883388833198,-0.7774296611145065,1
-0.8333819033788662,-0.10410593834322157,0
1.5387441670163837,-1.6177208560229537,1
1.382188510760606,0.10776742522073743,1
-1.9697994387933144,0.4787648019772408,0
-1.7013051240075487,0.43662477562140195,0
1.9757401214771728,-0.8846789341616068,1
2.978660676322471,0.21049018183998397,2
-2.2634056177297888,0.6985009740937588,0
1.1603147433336467,0.26016176862253915,1
-1.1874130096462958,-0.22585812819109655,0
-2.00738512240904,0.42391961269803863,0
-1.6961931138054966,0.08408583974677822,0
-1.1883187069463272,0.13293493481788396,0
1.311577315016733,-1.0553590531389883,1
-1.690333748282586,0.20042637293499624,0
-0.4835817515324444,1.0219041870505305,0
0.9193934232075859,1.9356915611944565,2
1.9327877446548474,0.6366209918107404,2
-1.0217930597759508,0.22186079687473817,0
1.0067421050186542,-1.6046167085302594,1
-1.3101396181893672,0.3187978696038712,0
-0.042128493947545635,-0.13694369339498877,1
-1.4958916857449107,0.2882863530368675,0
-1.7942122777173226,0.15671433677233307,0
-1.8127822725071354,0.33650056446834126,0
0.7937596787699995,0.371728138950178,1
-1.083887426699122,0.10915963550468097,0
1.9121659237273405,0.2736835513011148,1
-0.33693343937993164,-0.4054267269719058,0
-1.117386827043657,0.05552239953340071,0
-1.6188942285295582,0.2485917019213378,0
2.0682671186321846,-1.393108212539057,1
0.712790148070516,-0.48247818157490935,1
1.327122381862239,-0.6348521875329769,1
-2.1051533517797067,0.4980515573574104,0
-0.6477039974885473,-0.3065852202902986,0
0.9232918235564741,-1.2285270879992927,1
-1.229754420795887,0.015796145645269564,0
0.8125154375187207,-0.27011951341281926,1
1.3246622004284854,-0.9923511037154813,1
2.3922519797452115,0.2867182228559359,2
0.9176057072750832,0.4710558883863108,1
2.483151040045841,1.4751522185144348,2
0.08779802840927299,-0.8778831970497193,1
-1.0616088409447375,0.10740295897380767,0
2.8053572479672653,2.1654990389519546,2
-0.021124372198655858,-0.9196075765093839,1
-1.7600006168146625,0.3296704462596708,0
-1.9790400716288,0.30223035875632565,0
0.3907739595923157,-0.8022128190290425,1
-1.5833475106705286,0.18504162974023633,0
-2.0465067560091823,0.31231384277901514,0
-1.7907231456455481,0.333109871318161,0
3.9170851773932784,2.5669788495441823,2
0.12195107278877085,-0.23407017707555827,1
1.6722382266943596,-0.4250376456203703,1
-0.9895679189581648,0.09578012790514204,0
-0.15730630060029369,-0.5506614741759641,1
1.0258217084290318,-0.956956990104929,1
0.25310575857798784,-0.6696932866714378,1
0.826037916268356,-1.1636261849692116,1
0.7245163499495126,-0.6735938512931972,1
0.15632625840828943,-0.5878781636430898,1
-0.501460904279626,-0.5616490614415607,0
1.9241211631861521,0.34670738209975843,2
-2.249829065777049,0.2839811000690077,0
-1.3317265284811595,-0.029021322600583217,0
-1.17246068301058,1.653383942313236,0
-1.5074262822836875,0.1722672327563642,0
2.6303509139228574,-0.9775497098178233,1
0.8860061522576619,-0.7466124571747497,1
1.838024831288765,-0.9387623841340645,1
1.247718621591056,-1.219722061671919,1
-0.7835258010557803,-0.22318963363250838,0
0.507496066292602,-0.6360735478770045,1
-1.9548382613961865,0.358654232281168,0
-1.608763590056403,0.30499936496434094,0
-0.725031373431673,-0.530060749765137,0
-1.2744549209624245,0.3168431812031494,0
-0.17166861222751653,-0.3108689177302536,1
0.9350666840389318,0.5227403718495196,1
-0.22644896665555098,-0.5984183766670798,1
-1.3372409566590626,-0.028724167993105128,0
1.1975068194352843,-1.2074289646688952,1
2.478656559854494,1.6732294510404826,2
-0.3788099161958285,-0.46135465223214606,0
-1.2909521453436987,0.4928251930625432,0
-1.0856194953230482,0.2894568879854247,0
1.1444311223149481,-0.48512893417615266,1
-1.8972450722594643,0.4072098041093927,0
2.246544343614872,-1.4620851965933745,1
-1.4701048826077072,-0.12562202521469668,0
1.234054769624422,-0.6736210017096109,1
-1.2180949047828653,0.07121824227336043,0
0.5527432793364117,0.8150858018177868,1
-0.20261785973158541,1.2188117198953767,0
0.4809093226499013,-0.21169574415901368,1
-1.7478459328145985,0.21014053271203229,0
-1.6668850688149608,0.255233827873595,0
-1.6440655906468138,0.13450396817545623,0
-1.0374477528219657,0.10482755523952833,0
-1.0730130078117162,0.1674367690048289,0
-0.6695244209587738,1.5797141399934675,0
2.642491159821194,-1.5177589932329203,1
3.063335550740188,1.3471487541206482,2
-1.4488084291666306,0.16364448118213884,0
-2.015356199627175,0.7198032044582052,0
1.9121659237273405,0.2736835513011148,1
-0.8985526489149829,0.026252805765854034,0
-1.978267488879586,0.18492080216721013,0
1.042138902935045,-0.8887432740323479,1
-1.782053274417429,0.33252542570920557,0
-1.8642368430675602,0.3441999575763311,0
-1.8079272110163573,0.21797748760486085,0
-1.759495919432394,0.32827319208676864,0
0.2842543263583213,-0.6108573151321135,1
1.7714092858958348,-0.9815216886996208,1
-1.2412522478514705,0.13305656123053664,0
-1.4363877729532086,1.6941744105262746,0
1.6123276906800346,-1.2617979709665683,1
-1.6825000584938978,0.3764495952041799,0
-1.2740728892061508,0.020783336381990168,0
-0.338365121356257,-0.4671729529119092,0
-1.6634906552062265,0.19559051427397503,0
0.9234443939996305,-0.8770969047710248,1
2.044838409601197,0.7450257570199674,2
1.3540858402951432,-0.5155301513390677,1
0.10696469775815035,0.7594169593230476,0
1.0346918744684164,0.5690442758178196,1
1.089174145614797,-0.4747798791777459,1
1.6540159438308364,-1.5081348957988363,1
4.089408407324302,2.485311439520699,2
-1.4724767753055699,0.22596880585525914,0
-1.705584438968396,1.7923432063239564,0
-1.142293096177502,1.4720368628533282,0
-0.36026388499485534,-0.523535340974948,0
-1.3993279510355272,0.274757018137192,0
2.9904118450593375,-0.45273552856951527,2
-0.7399590492605304,-0.2319953176757405,0
1.0838498133220849,-0.5980268963895752,1
-0.24645534265499652,-0.7775122643506589,1
0.4559057619466669,-1.2285993559315758,1
0.7965342420638366,-0.374710165656338,1
-0.047450313197841196,-0.859650388262116,1
-1.247875976989085,0.2503995172390162,0
3.2876182735608324,1.3816301912726523,2
-0.73840244780996,-0.23084611538814948,0
1.7305639165664788,-1.4611805870940646,1
-1.46974648339065,0.4048694094256352,0
0.624800786109432,-0.2945786648913261,1
0.9549160923846516,-0.8266452979803253,1
-1.077180929820812,-0.30083231672639693,0
1.9459579922832557,-1.7261101736875804,1
-0.8356312517088059,-0.2781720904460554,0
0.05184953529179203,-0.6357778599740175,1
0.7005386600060077,-0.835008483509442,1
1.6440786408317045,-0.5440848716359366,1
-1.7269344317533835,0.32266903669391606,0
-0.08324205531717531,-0.9737401722442784,1
2.2135312317619382,0.6012518015647755,2
-1.6076111697176694,0.3048255138126452,0
-2.5004452601115497,0.6753176513010857,0
1.5317254452415916,-1.431750522510985,1
-1.87134593696621,0.22814232066653478,0
-2.006738382571781,0.36506826800879294,0
0.7118208688407397,-0.6164792980375089,1
-2.0187948746288016,0.014112762775881296,0
-1.2874995595028667,0.49243016554290675,0
2.732279639738041,0.3028264784306626,2
0.5159782985862066,-0.3973052127185588,1
-1.8974931411824403,0.23073424827398803,0
2.223436953936711,0.42406230529481465,2
1.7308503304799405,-1.6981576764381796,1
-1.797526877619071,0.33331843049778775,0
3.4216445955220345,3.0719951068932536,2
1.6104946816444365,-0.9632544637552863,1
1.9351848654149084,-0.81216348941043,1
1.8074523098476627,-1.2834016308473057,1
-1.5717794963029152,0.1238192610811191,0
-1.8355806681783597,0.3393422233835296,0
4.589821625354011,3.701201020301174,2
-1.4250065271672239,-0.011678006341790621,0
1.9092676764057313,-1.487730456991822,1
-1.8029860743382893,0.3346452733975956,0
1.4968996160355608,0.45814646810268617,1
-0.663712574238892,-0.2409497955201954,0
-1.92522755874139,0.1765104183739735,0
-1.5549557965521246,0.29672478459086193,0
-1.6121315850462021,1.6011974338500414,0
1.193104535990775,-1.1533269908716224,1
-0.6940376672609805,-0.29682738839235917,0
-1.5634357865630986,0.2392817299239065,0
-0.3810969950832635,-0.6389066354544318,0
-1.1643405641275528,-0.11374998418897525,0
2.0084169978333826,0.6882434395928394,2
-0.5281191267470678,1.1476089313091165,0
0.37925666209735853,-0.08269065816388585,1
-1.8771057010721939,0.22894831345728797,0
1.3722955791215359,-0.6247440217322598,1
-1.5588569931445315,0.12174398502666081,0
-0.45534975821248597,-0.15729736018249052,0
-1.5722180938365276,0.06440817883966882,0
-1.4134983000706722,0.042068334558032106,0
0.8358263589756039,-0.924866170359522,1
0.9331196253208803,-0.9926354307960067,1
0.28780464828551244,-0.015047670073333574,1
1.0473248168560843,0.9332498082069219,1
0.9690493293213601,-0.9995969959830608,1
-1.5843967126914018,0.00897002723575887,0
0.05184953529179203,-0.6357778599740175,1
-0.8244978581902185,-0.2758253845782369,0
-0.13052884338132084,-0.19906431587242457,1
-1.4394155328796738,0.27992378249807165,0
-1.6447357063609178,0.19398794254195517,0
1.1677793039672892,-0.9109369417298955,1
1.2207059389800528,-1.6288422174907478,1
1.7636654230320954,-0.9246193860005826,1
-0.55742942587871,-0.5497142719756426,0
-1.1972429168690741,1.5982429261759632,0
-1.178182650599258,-0.05120944485182278,0
2.680206223711344,0.42331414746042717,2
-1.763466224912571,-0.024059450152345962,0
-1.972968743798882,0.47798470862746656,0
2.4999743765128035,1.3159495222451647,2
-1.6836557995395218,0.3166119616131488,0
-1.235743641538897,0.07425814700566052,0
0.0466056100208516,0.02155917914359995,1
1.6877474859842725,-0.04825527566997188,1
-1.3995858099242147,0.038805691259706065,0
0.5940011795478701,-0.8897061660758533,1
-1.397117641192407,0.3341839209057839,0
-0.749594400383651,-0.34748311897865397,0
-1.6330778960158228,0.015181558788395853,0
2.078231773198866,0.3739711806397234,2
-1.5755969110879542,0.06677375306743599,0
1.5420567026861078,0.8069394678843774,2
0.97495247347526,0.5194284488028714,1
-1.0903684728777827,0.056762402991144156,0
-1.951438920625803,0.06279976244164878,0
-1.892909716796267,0.23038881151471421,0
2.3737084457690623,1.578348408846338,2
1.6149932457989822,-0.9602213963163146,1
-0.4640696576934219,-0.33277797403517806,0
-1.8591720971759633,0.34308989632140835,0
-1.2891325213302447,0.08237516565194031,0
-0.10138189274669987,-0.2643226245472894,1
-1.8742811985749084,0.4042173609585172,0
1.8921794014645978,1.5744332338012865,2
0.4486446759646737,-0.6333920463860143,1
-1.7761670045322657,0.3894790177318711,0
-1.4481443276226407,0.3396798134606001,0
1.5011451992863578,-1.1852649234811272,1
0.3294794000325929,-1.1477535271566042,1
0.8386271687334164,-0.5553084028660566,1
-1.87866286150073,0.052198416340895386,0
-1.8967388040459947,0.3489143883709897,0
-1.3613284530234797,0.445097118742995,0
-1.1858929389529347,-0.22624471793763792,0
-1.9957233881713263,0.3634065744425852,0
-1.8121392689338018,0.45516932749842093,0
1.0244919688466703,-0.7641069117215399,1
-1.1163270702211698,1.586256356968928,0
-1.8472923267796317,0.1644073040618271,0
0.7683816449062966,-0.7912075959501151,1
3.318879876956947,2.8438011848956686,2
-1.716013923979513,0.263463114126269,0
2.583672489124176,0.3122225314808977,2
2.190972159543357,0.9078604495977222,2
1.455043140018056,-0.8172001515144901,1
-1.2884102630278906,0.14240401397905303,0
2.0986523686468823,1.547374427135342,2
0.0028501863613282167,-0.4536344551623615,1
-1.3704682357834,1.6233057742295798,0
0.7926298068092973,-0.323262619286395,1
-1.4350394995143976,0.2794209012359373,0
1.0315335200126599,-0.2924652595723687,1
-1.6124392384306696,0.12932398136372814,0
-1.3411428003521044,1.736766835219349,0
1.2218999319245458,-1.1579855414526021,1
2.673019836012152,1.586884564653549,2
0.7933900387528646,-0.5564736577501724,1
0.8821717510232788,-0.44691773572127746,1
1.3559216994751915,-1.1643005367832695,1
-1.450528334613603,0.16402976232011338,0
-0.5956155214263902,1.4499874006568556,0
1.0617126414922868,-0.2819195257135234,1
0.21855851628384812,-0.17894395034580765,1
-0.41524855313897197,-0.3931404840237567,0
2.8695175817162593,0.34314166835500876,2
0.46504101103156764,-0.755197512900663,1
-1.7161035718599735,0.2043453970317756,0
-1.5634357865630986,0.2392817299239065,0
0.29788486608005454,-0.970343263614241,1
0.19355597992616752,-0.5945011083454775,1
1.8194232771111547,-1.1140419387855105,1
-1.6369279618732147,0.19221243831210877,0
1.6071125780229394,-0.5328777928954354,1
0.48971419092781504,-0.6888105520998741,1
-1.7423180071410875,0.3843726455320648,0
-0.3482803815104607,-0.5855438579884783,0
-1.4904483392898615,1.818673565104554,0
2.161091628414442,0.012597280915905916,1
-1.2348980500672322,-0.0446666367854704,0
-0.8581551137097752,-0.2179706397739974,0
-1.3030482589489443,1.497168715487974,0
-1.7510531230458537,0.2679626580063031,0
1.367282183309091,-0.926972972412609,1
-1.7874628382910414,0.3328696710842512,0
-1.7467399812958069,0.3256568506730585,0
-2.1708482199613215,0.4487679637917284,0
-1.030107558513297,-0.3035614161639912,0
-0.725031373431673,-0.530060749765137,0
-1.999328325879155,0.6586944120140491,0
-2.2840656051220543,0.34849736312603613,0
0.3133672012658287,0.6765088783981761,1
1.051494813376086,-1.0089833576948621,1
-1.4468371495635248,0.2244914705909638,0
1.5006687474745248,-0.8355642470158683,1
2.5185613893332706,0.6189279806454075,2
-0.5128647641549192,-0.08992992627728916,0
0.8167309814084871,-0.37999031006518286,1
-0.8334234275503917,-0.04198019252080257,0
0.907432443750428,-0.8761597760139285,1
1.6436717623485302,-0.9617167985110283,1
-0.7899731395823292,-0.2851543206398208,0
-2.0768798513641795,0.25845662182402235,0
-2.0086994922756976,0.36548993659712237,0
-1.792684666230409,-0.018770887111246786,0
-1.5008403344825014,0.05414359727641663,0
1.4044831361025292,-1.0611333324041259,1
-0.9806148420500107,-0.13917014456246563,0
-1.1227605299168133,-0.11206448445833922,0
1.0351726726194321,0.1533544770762438,1
-1.4013350457366498,0.3332788446778034,0
-1.5424165710531428,0.0016304464404380478,0
-0.11676537282934996,-0.3840075591683563,1
-1.611047951422676,0.12917700572940286,0
0.0721274273381738,-0.7594900049665372,1
-1.6946654868448496,0.08385538589453043,0
0.2558521920491245,-0.47896797701937177,1
2.990040916510906,-0.698609629446892,1
-0.3341954516849092,-0.5250773650398743,0
1.0434121351348256,-0.6517812827285011,1
1.1005040003881377,-0.5371301607143674,1
-1.3809135268509236,1.5088209029259643,0
3.9219461953602077,4.105191880192517,2
3.4094689309267734,1.2998389729936448,2
1.0132105946261847,-1.5419631987420945,1
-1.4847915705423431,0.1691671703116683,0
-1.8127822725071354,0.33650056446834126,0
-2.157971657592381,0.38747401161612954,0
2.368376621117032,2.1633562987838078,2
3.2224659490893446,0.2888273149843988,2
-1.3389876913130583,0.26423876029966337,0
4.254483831887457,2.5958141338462664,2
2.452523871876635,1.6711009143687734,2
-2.3424912836420444,0.4163481855300478,0
0.9343883304423132,-0.9322486457456448,1
3.9637779549265284,4.4624761415297804,2
0.23985417500238948,-0.9556124227452742,1
2.3955387155226444,-2.270851672946004,1
1.495409525021734,-1.1329434730401318,1
-1.8032285291744532,0.3354367734106149,0
-1.3823778648685494,0.3895502545445346,0
0.89001826983756,-0.993179228217437,1
0.014280378360612371,-0.6925128521849004,1
-1.3630213811664078,-0.023796979462760083,0
-2.2332360445084745,0.22272414060629814,0
-1.7965434195713141,0.27473084099665596,0
-0.8748318330462831,0.08054737947113835,0
-2.3584924011248334,0.594771768997587,0
-1.7510531230458537,0.2679626580063031,0
-2.025982268871295,0.3093433923842586,0
-2.019478501098809,0.3668958438509563,0
-0.8810732698571391,-0.2122484943022872,0
2.342443924574011,2.1065329838754323,2
-1.7785800456946474,0.15451337449363609,0
-0.2996984398193137,-0.2925297791165562,0
0.9016091096882568,-1.1086292760389063,1
1.2589518088313545,-1.3942493960874875,1
-1.63470949257708,0.3100773377303732,0
0.10850945820432956,-0.3540166013406217,1
1.4760707038964573,-1.4279470459227905,1
-0.30881102010235717,-0.7654632144645881,1
3.876388129282709,1.3067759858405779,2
-0.20954615530381396,0.9841497743074542,0
-0.857546458292516,0.02255167575553074,0
1.0291162278161492,-0.6428303239935025,1
1.0908241344840242,0.6308112218077625,1
0.8329171396676208,-0.6836244263716519,1
-0.9835518977421611,0.0373140834947116,0
2.0084169978333826,0.6882434395928394,2
-1.3982063744253983,0.04042199262161089,0
0.9613004898933564,-0.5736573070022568,1
2.602329787610093,2.019802988618091,2
-1.794281682799136,0.3327659584752908,0
0.21279593374885797,-0.7790752235627517,1
0.8194901670553107,-1.2134969418237749,1
1.9558829230401786,-1.6641353694847492,1
-1.6442281720944953,0.3101921842722198,0
1.8457696921116005,-0.24933054459206128,1
-1.5261651354752186,0.2342568239874233,0
-2.2183002735841906,0.5149947886884542,0
1.1906215990343152,-1.2079001259340891,1
-1.7108922409613048,0.4976112215453262,0
-0.01422286162568765,-0.5096868178400901,1
0.2920891387790321,-0.673466722685116,1
0.03209054987436462,-0.9298687585668126,1
-1.4861288169893752,0.22903488275889727,0
-1.598590011248714,0.3044711703829213,0
-0.38192451969379154,0.9521554732354651,0
-0.7323652247340413,-0.2913284886657114,0
0.9414153550910497,-0.6466486953170869,1
1.6164901892124264,-1.3335730280021978,1
0.8860061522576619,-0.7466124571747497,1
0.6349307204890146,-0.8956605046240516,1
-2.267382876291523,0.4042940567157296,0
-1.3125341884736952,-0.08777653360191084,0
2.4662156150550674,-1.1292387516943578,1
-0.47388810052288516,-0.4469170377656626,0
2.6369442576948448,0.12877404207687537,2
0.4897406711488275,-0.6326715461470771,1
1.0096843529622668,0.4005188587562127,1
0.5468681179690241,-0.8846403798824616,1
-1.3261318757153255,0.4399447299355105,0
1.9943189385872246,-0.8898093684946539,1
1.273848651729249,-1.161387213029648,1
0.5259941020501949,-0.6429847400150063,1
-1.7424700186062783,0.2085431571325985,0
-1.466086179387411,0.4017379020936522,0
-1.4324788040236498,-0.008883634361165828,0
1.572140851728881,-1.1326603662124617,1
-1.3823778648685494,0.3895502545445346,0
1.3789210525320494,-1.405773516912077,1
0.9894431348011685,-0.9425357463848932,1
1.3548141638649027,-0.7550903190427083,1
-1.3992831724097785,0.10009313867415193,0
0.8549767773912975,-1.1059352554431,1
-0.3901893833720944,1.068833806839392,0
0.7750969795785786,-0.8512889847868997,1
0.24440654647962018,0.7413250711651309,1
2.668667846700879,0.6021339689726717,2
-0.2525705170887484,-0.6544582776625145,1
2.3287779662704353,-0.9316777329677493,1
-1.0993268079972096,-0.18102190880963376,0
-1.9229421103666522,0.3530246272038507,0
0.46098688344437394,-0.39630694779338116,1
3.1481834256247248,1.706562430122514,2
-1.6623493793016826,0.19607890275837547,0
1.852795303018301,0.8345750620047735,2
-0.7815678399037941,-0.16306410377746544,0
2.653103513579259,1.8347182170506442,2
-1.5149740248132402,0.060868222990910714,0
-1.6764598504368033,0.25686698564084925,0
1.3312088218146563,-0.688340321070288,1
-0.4941505443089808,-0.20378089995606014,0
1.6858184707032624,-0.899758793291024,1
-0.10408545934385559,-0.6764179771569463,1
-0.10070147451011878,-0.6144944431369015,1
0.8135340052841833,-0.37821836084718025,1
1.0816584508567864,0.20679411077462823,1
-0.4002399898549596,-0.10572491225629263,0
-1.7881420965773656,0.2738409010906253,0
-0.37155047229215216,-0.5210148413779562,0
-1.3653677836519924,0.27060898516191123,0
1.5011479239899046,0.7511486546524617,2
-0.773132464947814,0.0675958681949266,0
-1.715606550107983,0.08692013504876084,0
-1.6089166443222958,0.011159192896513008,0
-0.9095844018364395,-0.14869031688026602,0
-0.604878203002451,-0.3061571282627676,0
3.271593134502384,1.6884798983915614,2
0.14330112496239797,-0.5878949009462203,1
-1.8971203760374702,0.29012380665667425,0
1.3885207135229358,-0.2744488422643431,1
-1.1207272597729265,0.11695051398801495,0
-1.1385128904906299,1.2360740120882583,0
-1.9149444249803078,0.3511575586560029,0
-1.6799528668695252,0.43469329100328225,0
-1.2584120490738775,1.4317755986105838,0
0.24781943256863195,-0.66691412995542,1
-1.6456506299726035,0.07907190985786672,0
1.4160481212812042,-0.9459366307040517,1
-0.4883500907352982,-0.564853676206429,0
0.48920171233133347,-0.8128149282776448,1
2.3379115726431765,0.588275854962172,2
-2.1257150922235235,0.3253324830468365,0
4.692332471993878,4.007185938189434,2
-1.701665880962115,0.3207758533972526,0
1.6450506256090847,-0.6678728178418384,1
1.1931629756828865,-1.1549085650647553,1
1.0429168593504106,-1.1292860392607507,1
-0.644250859559278,-0.18462867766876284,0
-0.7480221716283061,-0.05310211600025164,0
1.1308093769474012,-0.9600872725295906,1
-2.061311849951479,0.5498455141837245,0
-1.4939592148052026,0.405596749337195,0
-1.6875896472042817,0.3757075495863437,0
-0.4506686171218008,-0.4485325592181719,0
-1.5312770130539823,0.23483925764177943,0
-1.003600900713688,-0.19423612025491077,0
-0.3412358453632955,-0.17300244212507576,0
-1.4183176503526924,0.10060549358758919,0
2.7446595226292483,2.9237580879120726,2
-0.7231515048450132,-0.1774127496229464,0
-1.8722405379479274,-0.008247686710650329,0
-1.253144748986926,0.19404478466038277,0
-0.26710870189377683,-0.5396645316968413,1
-0.11335610917711035,0.9090920692725499,0
-0.10478571171157712,-0.8521962145144669,1
-1.2711487410841757,0.19588007578876798,0
-1.6586634726127019,0.19838527620929758,0
-1.4875987113328981,0.22878479977814598,0
-1.6882665833766546,0.14136074659366046,0
3.779553968809125,2.8466474923340406,2
0.2361590613836013,-0.5445334570344413,1
0.6292714930961429,0.5692807605646673,1
-2.089746667975172,0.4965451791151251,0
-1.391363491173235,0.15611087226660667,0
3.6490032101769745,1.636797802666007,2
1.2353812601549465,-0.609027942221968,1
-1.9201981728591029,0.5297527660128017,0
-0.4242350036681998,-0.09826755668995094,0
-1.869446483772036,0.10990784341309859,0
-1.892433881430458,0.2902346484301629,0
-1.3745937877756427,0.15197682489002326,0
-1.705043679470778,0.14389169591834675,0
-1.3651034508283926,-0.08380942114103754,0
-1.816115425013338,0.336909029746663,0
0.8543803263773403,-0.9850978362529574,1
0.8030078886564382,-0.37716515588232774,1
0.40470863471789426,-0.7474170434840478,1
-0.8196650632045582,-0.16452008745056357,0
-1.222205905139083,-0.3370474448152175,0
-1.4607569727250171,0.28408695179530224,0
-1.9351467629380368,0.3544254172477558,0
-1.7292468883796326,0.2649246671451043,0
1.8059691042354051,0.6503107807644021,2
-1.2933248821667116,-0.0886927246219367,0
-1.0033363562034567,0.044419342034606235,0
-2.0539252683488654,0.3136531665019575,0
-1.892909716796267,0.23038881151471421,0
0.6548139912474916,-1.070958030501712,1
-0.23011047014071861,-0.6586014661582253,1
-1.5406419621779845,0.17718369882865584,0
-1.3646563868500807,0.4457249828833356,0
-1.0743272961523767,-0.17887969993056185,0
-0.09811079215745144,-0.5595915554771229,1
-1.6581232718001928,0.2557679004334981,0
1.4788088132348611,2.399900367498357,2
-1.6401464004279185,0.3100797013579888,0
1.5640695444483323,0.5032127322408584,1
-2.198392049228139,0.335415596255669,0
1.5128166505479914,-0.7764097525163223,1
2.8964238078223907,-2.0281728899977383,1
-1.2505862803050753,-0.10033026139687873,0
-1.1239279674850646,-0.29359144855444635,0
2.095208325514943,-1.4430296558340074,1
0.22659371554660748,-0.11920047914907095,1
1.0429168593504106,-1.1292860392607507,1
-1.0331547209544216,1.4568307363471766,0
1.9119473339006914,-0.8845862335026055,1
-1.4767893580776512,0.3438753080173054,0
2.5627546275953947,-1.756095382342909,1
-0.38583276275222855,-0.22166274329962798,0
1.828872021302821,-1.4062794625579556,1
1.5272622384077976,0.7508893707507664,2
1.051494813376086,-1.0089833576948621,1
1.4053644203278042,-0.7567082639246496,1
1.397214655210568,-1.1106122650778802,1
0.10551650626568868,0.9435718270021303,0
2.90462717786068,2.226105725284784,2
-0.47744816429991127,-0.5076816231164545,0
4.2983828651509635,0.9377076452996247,2
-0.7582231983024802,0.0064670949492508486,0
1.805886683493188,-1.3559482262352758,1
0.36090248822288545,-0.5637293897243236,1
3.0095520859183367,0.5533512879654043,2
-1.6425408447780836,0.13399085249346424,0
1.9719436337945684,-1.7322636169049432,1
-1.435264652325327,0.45716314225875404,0
-0.27088805929816834,-0.5347535751684703,1
-0.6012799044949656,-0.07838479115226635,0
-1.4250065271672239,-0.011678006341790621,0
1.528086254682742,-1.1959976758992885,1
-0.25853855115272045,1.1081674542580249,0
0.46182526594008727,-0.9328610412424699,1
-2.1708482199613215,0.4487679637917284,0
0.973771484039839,-0.9954023626577023,1
-1.765878519468294,0.21238905465565183,0
-2.3096525447716165,0.4698334458814127,0
-2.0391716897511523,0.31215094853405034,0
-1.5005928532715207,0.34759206238777435,0
-1.97655121580728,0.3026727306330479,0
-1.7832503849663859,0.27272548817709624,0
-0.8102398717207877,0.013150354747934797,0
1.3074476225432443,-1.341112991142061,1
0.45495271659674646,-0.8735737696358384,1
0.6475971558607484,-0.4755057551853282,1
0.8400755817834527,-0.7517308174009065,1
0.48971419092781504,-0.6888105520998741,1
-1.9356495026660983,0.3539665214978595,0
2.1796103465856556,0.300584250488338,2
0.17235460303710737,-0.30011315084940815,1
-0.39823507967555266,0.9507156019607081,0
0.38177108626780065,-0.564832986879069,1
1.1678569723913754,-1.0879334648986936,1
2.821433220462212,-1.7731318071297382,1
-0.3961386846781602,-0.5126501631803572,0
-1.0452585574460742,-0.06748741023409804,0
0.6070620743314301,-0.34776255293831243,1
0.5671307579680178,-0.7099574191309301,1
2.505645268420002,-0.9575730976564731,1
2.4776171190653025,1.8492072236828412,2
0.5418970292846171,-0.2821663840459221,1
0.7555804763295244,0.3739333213050696,1
0.10605220078351749,-0.10120462897486854,1
-1.0715482351480643,0.054835430320418876,0
-2.348985745271555,0.4758615162658715,0
-1.0116509209930666,-0.017861308138316524,0
-0.9453037430951425,0.26715683065996637,0
-1.8368468038756525,0.45738679450945113,0
-1.6383855805663199,0.0746731312167779,0
0.09420117602206814,-0.7582275398553197,1
2.2599972235760903,-0.07284137138191249,1
0.944093816085496,-0.7654096087868616,1
0.6265412644779765,-0.7212790716829189,1
2.3052125128874406,0.11138283103108096,2
3.2374151304474004,3.451460873254853,2
-0.9203435190603519,-0.20648156188880862,0
2.673019836012152,1.586884564653549,2
-1.9099144513860256,0.5874269970188781,0
0.15067862367428753,-0.8846640570302026,1
1.1701328319822473,0.7385248814290586,1
-1.1163270702211698,1.586256356968928,0
-1.9689840723907928,0.3592154746089355,0
0.9278443754800132,-1.1704600950176973,1
-1.5335360323049991,0.17853376415049244,0
0.2597710293738953,-0.66651525555274,1
-0.5712424116079712,-0.316673079895203,0
0.8663823897636557,-0.021558018683716065,1
1.8011025183769593,0.7677032103089056,2
-1.7943370336208126,0.215864398267142,0
1.683947984701545,-1.6294973660333876,1
-1.4971501612856588,0.3471041619415696,0
0.8014798731781088,-0.5007332343288556,1
0.8041782017138162,-0.9759517154360415,1
-2.0741752814979932,0.3160474726956742,0
1.6261903831233933,-0.5352839937905928,1
-1.2646165240967557,1.0782386944405706,0
-1.3993279510355272,0.274757018137192,0
2.29116565591627,0.28812757265586314,2
1.1261419784490756,-0.7836565610584766,1
0.2990957857923958,-0.9141627530011602,1
2.272712782218079,0.037903855661380825,2
-1.883142305488651,0.5229673175215609,0
0.47014448873665626,-1.1147182076924032,1
0.6125573875375606,-0.8373690721338716,1
-0.40221119651627324,-0.5764643398432947,0
3.2709373987881056,3.2647950753342854,2
3.5794642339008558,2.693934135343918,2
1.1592842713821212,-0.7199941662277528,1
-0.2524397804252648,-0.0667200222177397,0
-2.241730795854572,0.45933530521058324,0
1.1049143153384637,-0.770671655121489,1
1.6153086681312485,-1.5038998295937893,1
-1.3735632577222154,0.035980927031548676,0
-1.1655216674382578,0.12147476592479986,0
-1.3256831478141962,0.08810928476774849,0
1.7438724508218408,0.473603172976277,2
2.249942637201319,0.5953184988371457,2
-2.041238103374333,0.25279670344182964,0
1.0221657610438566,-0.8290524390494869,1
-1.2509481239752505,1.6645637962426447,0
2.1960023026712236,-0.17449815446873124,1
1.8113095473627718,-0.8722352419520089,1
-0.32680655264443564,-0.34675372624090944,0
0.973771484039839,-0.9954023626577023,1
4.220081187285453,2.304938905008568,2
1.5429292308693119,-0.8335410258121803,1
1.065175286045582,-1.0110157032561309,1
1.3009482268625558,-1.0986376288539672,1
1.083193356460906,-1.008543760920588,1
-1.4836871967442808,0.2883325251505659,0
-1.4613320737820379,0.2262063099293779,0
-1.4528949356900722,0.10594755407391093,0
0.8492027426624548,-0.8154159298539169,1
1.6046793147304952,-0.8432654008682333,1
-1.1205009909266466,1.5287613479139943,0
0.6811124269121334,-0.4867269941713879,1
-0.7331646079562493,-0.17401488902655643,0
1.6248879244474093,-0.5375410109298298,1
1.9632576840810818,-1.5480549001076218,1
-1.2278356396565708,0.2525978407804445,0
0.21521168384819692,-0.6643856016808716,1
0.7196402943773368,-0.6718202417936113,1
1.6357296510361137,-0.7864591959547258,1
0.4780314810638517,-1.2283827513128458,1
-1.4245458571279543,0.04316874751479083,0
-1.7645301595345384,-0.19865043749033745,0
-1.6014115574988534,0.362675490700678,0
-1.350801600586718,0.15036927231325412,0
0.9105081143200057,-0.4521361410788006,1
-1.4450991753348346,0.45789182906056225,0
1.53890361409913,-0.830260042853077,1
0.9708841380432004,-0.5179535054799724,1
-1.791882622955098,0.45079234544645524,0
-2.0871689396138797,0.37726472414486256,0
-1.8879983655723687,0.40616087664325723,0
-1.714940654480541,0.2625462795620272,0
-1.9309629638513235,0.23675852919792562,0
-1.705460547113976,-0.0924445604240975,0
1.0464957326871185,0.163190354211548,1
0.7701064893733941,0.317045901338463,1
-0.2970912175218042,-0.7073450685245449,1
0.8545591743470209,-0.25249328887264666,1
2.3392431540838796,3.381976873521527,2
-1.55267014231945,1.5928248824809061,0
-0.5730661982400286,-0.256260141814344,0
-1.2435337040678882,0.25477727920037746,0
-0.08093552415265845,0.96632066526126,0
1.0722736579566052,-1.0785782944846611,1
1.4175287933857352,-1.4159700484505562,1
1.8312676209271517,-1.0495571827968795,1
-1.6988409341737647,-0.03406029566832489,0
0.3950448084013199,-0.746619742055908,1
-1.4933661798031894,0.4061363888635412,0
-1.3049991680990618,0.02793375267751027,0
1.8572459122550198,-1.2433890787956352,1
3.1163994953386105,2.4641713279356785,2
0.1498828200347787,-0.89017447826514,1
-1.3367397482305305,0.5011480747286587,0
-0.2693217120896494,-0.3568097677653756,0
1.520002642498986,0.2754116272620202,1
1.4995752523453154,-0.8258054605616724,1
-1.9374477394043816,0.41513052909134357,0
-1.8500837076421242,0.16530023199884852,0
0.3948376135933207,-0.32895808799763465,1
0.8188301087669319,-1.1553670566883112,1
1.9711760589650233,-0.8373783250869203,1
0.17004556242280244,-0.4792345791147087,1
-1.9483734658578533,0.47411705279697175,0
-0.4689638044105773,-0.7932938988621266,0
0.7533775627981923,-0.8534856480467449,1
-1.7241162658916305,0.14651729567552316,0
2.8259673839377646,1.8701622541643443,2
-1.8890178860283313,0.23036789291848458,0
0.6881143595113128,0.6816231455002634,1
-1.6456506299726035,0.07907190985786672,0
4.692332471993878,4.007185938189434,2
2.2692103743233534,-1.4106197411783277,1
3.15840876539251,1.7549976506235596,2
-1.48424153555636,0.16870673150452767,0
1.8603283637511947,-0.9980498519076919,1
-2.263497455100912,0.46274478777805506,0
-1.181355676395018,0.3007853395490604,0
0.08431735589266941,-0.6374045345002537,1
0.2227942003697412,-0.7216095708771428,1
-1.8117060777084841,0.21854755766042117,0
-1.5461139338440901,0.17813500697215123,0
1.4972175959334917,-1.2519505436649572,1
-0.37894076142466204,-0.39987599008161856,0
2.2853748198604826,-1.2933173926963974,1
-1.4531864047123806,0.3412582823984036,0
0.9847647604083553,0.5247110525435357,1
-1.547885809724353,0.17956614860261322,0
-0.8541729348759202,-0.2132240033234969,0
-1.3372409566590626,-0.028724167993105128,0
-1.5573763055662668,-0.17303466268851175,0
0.9771897084643005,-0.40611546354180367,1
3.6973853134992525,3.0994057375644823,2
0.9485957554335761,-0.6289217246788098,1
0.5990227021711861,-0.9483052794645689,1
-0.8747601942660445,-0.03618460708403168,0
-1.9490519883351607,0.12141364133845728,0
-0.533623241897708,-0.2591277982540092,0
0.3945845848665523,-0.6884885483118773,1
3.4814827269935193,1.3598706299462988,2
-1.3205973346065534,1.6752910821571552,0
1.0134000127561305,1.8058897216112013,2
1.7909798273773307,-1.7047751541355025,1
-1.5894224554013798,0.3026792595042397,0
0.5001872926268913,-0.8755851008966739,1
-1.4830401894470078,0.1686513201882037,0
2.2521908576148038,0.16605653754479122,2
-1.807810011380153,0.1586712902157583,0
-0.3423499803930396,-0.6442171721108093,1
-2.576959315721886,0.5687866125275856,0
-0.5177476556590973,-0.5572418641682176,0
-0.45867857815856256,-0.3293762665557446,0
-0.13786240707385083,-0.43574116449457284,1
-0.4683045789309454,-0.4451171197295593,0
-2.1959998385764,0.4521848099724059,0
-0.31096882757357425,-0.28900515813603805,0
-1.648017595508817,0.1944515846879233,0
2.5136372325078744,1.9737056701565001,2
0.9815801522581082,0.8863957743236057,1
-1.7152638022536384,0.026919353623246677,0
-0.8968202600390752,-0.21018749571772605,0
0.8520409739730433,-0.861449619292514,1
3.297831584762485,3.2082122310108847,2
0.16490347303519165,-0.9471050631736134,1
-1.1177831913177227,-0.05972350297233831,0
1.9496268752046584,-1.196495612008451,1
-1.5624021831129704,-0.17045207236718196,0
-1.045895234888661,1.281610655202935,0
-1.4435975091489057,0.10460787867795235,0
-1.8600059410277097,0.5196343012318222,0
-1.1751587971710973,0.1816509224184133,0
2.505645268420002,-0.9575730976564731,1
2.0250441493157147,-0.6521946901486712,1
-0.3916674661955172,-0.5787154981448889,0
-1.3481843410133079,0.14877914312268722,0
0.5525900766806411,-1.1834874675197173,1
1.2534940674884587,-0.8538529218455078,1
-0.924470495414499,1.3221724328980051,0
-0.23011051434848132,-0.5412826320848029,1
1.2753380817964322,-0.9248667538913118,1
-1.9942237525813968,0.42187121216095075,0
1.2399062154811362,0.195786423815903,1
1.158695819231838,-1.1978623283661964,1
0.6733471148782896,-0.7815577517805589,1
2.1352746170836494,-1.2115424231809107,1
-0.5665393529981787,-0.48901999981444705,0
-1.5432939296911221,-0.11574475588485912,0
0.9399073608537932,-0.5227798881103964,1
-0.6908931896004663,-0.12264463188401181,0
0.3537590105446035,-0.3186089947175463,1
-0.47485245387775044,-0.08978224967622558,0
-0.2270358968584871,-0.4260318468178125,1
1.3948196270565216,-0.4578885398429599,1
2.1324497504194757,0.6680852418527309,2
-1.4762673741438819,0.3441740248228687,0
-1.3790674408457004,0.33073744562542273,0
-1.108917221599918,0.1172134677465985,0
1.5690595881490148,-0.7781001014851164,1
1.1557654290114066,-0.6040947154485308,1
1.6535510738547297,-1.7424507802241098,1
-1.211020949854712,-0.04496588229020499,0
2.96955832783355,0.49984448461443465,2
0.16779168371474298,-0.10992083959735582,1
0.5973572653345286,-0.29188554380854825,1
3.271593134502384,1.6884798983915614,2
-0.8562765180655966,-0.0930714217881039,0
2.529933720768233,0.14265260319634587,2
-0.2920154545575017,2.8158747722421382,0
0.9927288611208378,-0.5213118542298373,1
-1.4376625809531374,0.22250977080910622,0
-1.6143329294410096,0.2481237822766528,0
3.057326024242764,-0.11033880859707115,2
-0.7774039036822505,-0.5141074436696736,0
1.6668992758536114,0.6699064682291519,2
2.4562568047839295,0.579230044869099,2
0.8167309814084871,-0.37999031006518286,1
1.3289287045929836,-0.8020123838099567,1
1.204704230803854,-0.6748551846113932,1
-1.4347981231024933,0.39994319697168157,0
1.8605805877694026,-0.013781706930915525,1
-1.8855454527960624,0.28809454720989414,0
0.6811124269121334,-0.4867269941713879,1
-1.4783068988785435,0.05017806853376339,0
0.7805662577814604,-0.556709501542708,1
3.1609257449151786,-0.536646400749211,2
0.8063955599435476,-1.1560390809877508,1
0.8508235236257085,-1.043786872818932,1
1.202716073316754,-1.028178862148365,1
0.3879794301778927,-0.7407726926486488,1
1.3059464134335552,1.1973459022995487,2
4.27222289825426,3.0808775542652267,2
-1.94079923673652,0.12057756969150618,0
2.0026556880149693,1.622969154479459,2
0.26777817758444117,-0.6060126287432995,1
-0.2769970095698513,-0.12290154718889343,0
-1.6778845552736332,0.4342554502147951,0
0.9040838601523494,-0.7511640128652843,1
-2.0042367960111367,0.48320500871525035,0
-0.5135284498490176,1.3779379784408092,0
-0.9278272606029488,-0.1468819012692512,0
-1.195244158744873,0.06912360982075766,0
-1.4395543143092706,0.33945342179923255,0
-1.6407729082641729,-0.16098840466643569,0
-0.016033546169348135,-0.45179226931812555,1
0.42353630935190634,-0.8650597521762986,1
-0.9225720590425076,0.14483600206004876,0
-0.21063423063852826,-0.48499516724225267,1
1.3185286369610343,-1.0469397076320734,1
0.15135566373591938,-0.7097001521530323,1
-1.4367821334447235,0.22140183873312153,0
-0.9870054821759326,-0.19762040672743608,0
-0.4462996493115455,-0.4535324628474104,0
0.3556947540753256,-0.7358079444245613,1
3.4985803572288368,1.5318540844575324,2
-1.3522270962379697,-0.02633757708561036,0
-1.7136752103845023,0.3208575158275717,0
0.5204204789893164,-1.2345258046043306,1
1.2167639684125358,-0.49707890062499627,1
-1.1054092051060882,-0.12292331305543691,0
-1.7644054920465737,-0.023162830838301295,0
0.11006739864964503,-0.5882601797625402,1
1.9291365387232093,-1.005850751882341,1
1.2607045994005734,-0.8071333014514308,1
2.4796068728433625,0.6302148462268081,2
0.2990957857923958,-0.9141627530011602,1
-1.549968794239843,0.23942054051549572,0
1.8532673041937542,-0.1858571755166645,1
-1.645729250568429,0.5465032253788769,0
-2.397914997518952,0.3055974919831037,0
-1.6491373935092268,0.2531226524069775,0
1.6540159438308364,-1.5081348957988363,1
2.8818014463884962,1.5545075663482355,2
0.0009610580528932669,-0.39758392741307713,1
1.9848363145884869,-0.7085630734145323,1
4.663892564639602,2.378865412715799,2
1.8560830034597922,-1.1795843159821842,1
-1.6722405921276122,0.31529881006154437,0
3.955100536015329,4.584910096588145,2
-2.0425106486489506,0.4293129242263062,0
0.7974514429478679,0.1932112926013729,1
0.8847080244471272,-0.9901133666216356,1
-0.891494155507412,0.25847306252129254,0
-1.8368468038756525,0.45738679450945113,0
2.462618539972367,0.08889517140390704,2
-1.7478459328145985,0.21014053271203229,0
1.4422083573995492,0.10736315611918132,1
-0.5759538598125574,-0.31250225511356694,0
2.0065012101443647,1.5996784015262013,2
2.902400958297799,2.3333487355785105,2
1.8105968026409238,1.458475349650243,2
-1.8115027144694646,0.15979455478068882,0
-0.6077190175162367,-0.5450530443757127,0
0.16867443255344086,0.6392370692753166,1
0.8382030702697658,-0.8634512400740748,1
2.249942637201319,0.5953184988371457,2
-1.1385128904906299,1.2360740120882583,0
-1.791466590334084,0.4503521218895118,0
4.10387121358499,2.749033704454038,2
-1.3610461025154537,0.38853406143341235,0
-0.6126075363675229,-0.7218036639789784,0
-1.4561408375849947,0.10760106345654186,0
-1.4673933883939934,0.16641670490062435,0
-0.28653880439362606,-0.23623305593053961,0
1.8268054001939782,0.5345669180394615,2
-0.9164643794998689,0.1483183360915935,0
-1.6949352701845064,0.25955977419145165,0
-1.7947241514333994,0.15974834200601468,0
-1.3259730700632415,-0.030738563848294438,0
-1.7102948819833708,0.20365784407639417,0
1.6420639245790096,-1.3242513024270937,1
-1.7590760226002575,0.38819037807002155,0
-1.947890321534948,0.18036963643137327,0
0.3722878350253962,-0.7391289679293613,1
-1.1278821615448744,1.471152528195422,0
-1.9235828957152934,0.11842072929022673,0
-1.9735129569195353,0.5369464070520051,0
2.031437639178148,-1.7400748876646295,1
2.1486951610296434,0.37114213653355493,2
2.4281498317791086,-0.891500824935821,1
0.6315281886536138,-0.3531834816116643,1
-1.7126422830618946,0.2627342909592813,0
1.9327877446548474,0.6366209918107404,2
-1.0234347842420717,-0.30491406042128005,0
-1.4082674729800149,0.0990893498228011,0
-1.0707254691594832,-0.009861674308359913,0
-1.0514181187136218,1.5768732775386116,0
0.16006793179434003,-0.76756638018388,1
0.7925045479940801,0.7878178479726416,1
-1.3068468230149048,0.02456368625235985,0
-0.7875234986290599,-1.1703849883691224,0
1.1901020895124887,1.0330558863544586,2
-1.7620769685005766,0.38754216231430433,0
-1.332013233912573,-0.02847478835838633,0
-1.7086837406753697,0.3821925420477809,0
1.6620558934241945,-1.2153272445483088,1
-0.32949924226741517,-0.698681458213546,1
0.91531769806041,0.23811596872385293,1
1.8268054001939782,0.5345669180394615,2
-1.3341465821137384,1.6176376525229694,0
2.736059773884941,-1.3359222429587685,1
-1.8482672454408968,0.28322577716770453,0
-1.9008928773600349,0.34954106112710215,0
0.8855041792860839,-0.6902364543268704,1
-0.5479341153486107,-0.4959473641526066,0
-0.5104428432042397,-0.2654556978856022,0
1.3340523212074609,-0.8669808416887326,1
0.4528272571143107,-0.3310377611544427,1
2.269864070516441,-0.30475252140590964,1
1.9871946143706056,0.03203661955781953,1
-0.059370313297073186,-0.6755514390783938,1
-1.17246068301058,1.653383942313236,0
0.03966518520055068,-0.34127179517475176,1
-1.9804295203455788,0.18464931255203354,0
3.0562290434340893,1.6535337640745402,2
2.5860095409661663,-1.8633652107314842,1
-2.047991866776535,0.37113438612518973,0
0.9230922361130519,-0.8747790074325188,1
-1.4783068988785435,0.05017806853376339,0
1.7091627594104517,-1.0933506062802087,1
0.7899988449431764,-1.036026501428175,1
-1.5528468225278869,0.29735028510358696,0
-0.4407564016302689,-0.32899735381374356,0
2.9648264887332947,0.445547702787555,2
3.0038652569591684,1.4734391162315768,2
-1.8560800450374464,0.2833349203779285,0
-0.41889803296000255,-0.3345281673250334,0
-1.609241970788414,0.36398258724764365,0
0.2521030906613428,-0.1229229368511624,1
-0.29629400831652575,-0.8260423673535782,1
1.2874541550406733,-0.5013576413302406,1
-1.8223886181928661,0.5729019593679308,0
2.6526733838921666,0.4327521477895778,2
1.170721227139593,-1.3815682619848815,1
-2.128428937285218,0.5011853900353275,0
3.267149649979162,4.118104664079578,2
-1.5969289696350932,0.4211934105564294,0
0.8751453519235325,-0.4457319306754949,1
2.743371246501584,0.47398595216338174,2
-1.353796404369726,0.15207926717209833,0
0.46098688344437394,-0.39630694779338116,1
-1.2348980500672322,-0.0446666367854704,0
-0.946520701035536,0.149235211316811,0
-0.13964133992493,-0.3168013998875124,1
0.45278183109507075,-0.09733690837335915,1
0.5023026273445999,-0.22627839648929202,1
-1.9768279080207316,0.41918400971763214,0
0.9372936941233784,-1.1118421539300085,1
3.430160477480931,3.312016572256088,2
-0.3994187045873777,-0.2794050028103424,0
-0.16421459178150177,-0.8432623825358825,1
-0.5891814861700835,-0.19494943131689363,0
-1.6698238301750379,0.19748957554912208,0
1.9249686835779942,0.5185000524905837,2
-1.303083424732889,0.31914887282817395,0
-2.1257150922235235,0.3253324830468365,0
0.9624732430258575,0.5807882811633295,1
0.13424963584036428,-0.597538723634231,1
0.8468895094087794,-0.32465378255227106,1
1.7332160410536994,0.6584866102328292,2
-1.3819123032911882,0.44751033157834197,0
3.0095520859183367,0.5533512879654043,2
-1.8611242077285903,0.048892021979008764,0
2.4096024187293175,1.9845874532038559,2
-1.0908997867196093,1.5235723180666367,0
-0.3408522648462265,1.1269704862279144,0
-1.8336558286611668,0.22330577780032193,0
0.5102025456971186,-1.1748596776782203,1
0.8078250391689142,-0.803102950132871,1
-1.435612278457467,0.04622222637095569,0
-0.23336902761953585,-0.541451619616088,1
-1.2955562435592882,0.320278113455086,0
-0.5066477327613139,-0.3823404806310588,0
-0.1938807577314391,-0.8406428760650264,1
2.238550933320595,-1.0475582914875934,1
-1.4586358114658875,0.4020608963402928,0
-2.454072885564978,0.6684793106271568,0
1.2919306565605044,-1.0991016609546331,1
1.3998106960485097,0.5272374733698908,1
-2.0183855477791557,0.42554765325536403,0
-1.5927342338927073,0.42163007910152916,0
3.0582438903225393,0.1315523425307444,2
3.7373601832538705,2.857605191439823,2
-0.4965375890730866,-0.3250175260810582,0
-1.2145896569074885,-0.10657845313022957,0
1.4979909424577746,-0.6538346615204343,1
-2.275141591119349,0.34680510266543474,0
-0.44240286732402223,-0.39250412230850457,0
0.3907739595923157,-0.8022128190290425,1
-1.5952633280013326,0.3045984188052452,0
-1.9833835423372488,0.30329452062790896,0
-1.4897421614604076,0.1121353345053478,0
1.1446727180709892,-1.0199573294635944,1
-1.8401693267178678,0.16421349124945248,0
-0.6512032463746871,1.341872227895611,0
1.2095587873953724,-1.691639205825331,1
0.06148955300607672,-0.6424222299502573,1
-1.313489239300843,1.556019201325167,0
1.2711725570565169,-1.3352631666323536,1
1.7519539722093411,-1.2183201015533112,1
-2.4447460689768525,0.4309876989089848,0
2.9367520150885476,0.0870373422692945,2
-0.9146297158936353,0.14807301864775485,0
-1.6743831870831127,0.02084657523967664,0
0.43144051827022534,-1.2257264267759613,1
0.3057291314540238,-0.365241560361722,1
0.8034454760314916,-0.016498696590501707,1
1.0384284582055254,-1.1242995733901973,1
-0.8567686568637004,-0.09453848197156584,0
1.2095587873953724,-1.691639205825331,1
0.7436272133880061,0.6118211519271063,1
1.1910678962561438,-0.7352006205074915,1
-0.9166142852138313,-0.20606903441960672,0
0.5143872549612459,-0.8225593798394213,1
-1.4711598360147724,0.46282983813245876,0
-1.2899177906108206,-0.035328480662101765,0
0.8238709391855658,-0.44435074823995835,1
0.9201371597550605,-0.33755958823284515,1
-1.908560724382791,1.881340001004584,0
-2.025982268871295,0.3093433923842586,0
1.5791332027747098,-0.6535564183131749,1
0.8751682300835019,0.5900584494430359,1
-1.7603202803101143,0.15260804290601354,0
-0.7865714813740854,-0.16649280399860805,0
-1.7494345976255266,0.32609480868588436,0
-0.22942477821913126,-0.3607839304481199,1
-1.6810614917017161,0.2001285149814857,0
0.02236938634787701,-0.7515432633192686,1
-0.9543524400595457,-0.08189328556280051,0
1.5941477525556402,0.2706745960694139,1
-1.8506430487710823,0.0486948886034679,0
-1.9889877664926343,0.4211756903298292,0
-2.1707952664088257,0.5077968510096931,0
-1.4796012337250715,0.3456835274613243,0
1.7049977085072474,0.12933563327714553,1
-1.2799131740941085,-0.09427041359295735,0
-1.512808210662122,0.40938391498075816,0
1.665517061572543,-0.5454631617446862,1
2.7617032927499126,1.3971503046815927,2
-1.1336475137591513,0.35360019522159297,0
-0.707869561470235,0.055485703660909186,0
-1.099363106917963,-0.0040630816997574756,0
0.9690493293213601,-0.9995969959830608,1
-1.2278356396565708,0.2525978407804445,0
1.865681017830405,0.28645243874106624,1
0.5883574808804481,-0.1729888460598566,1
1.2630396784074798,-1.2746848343137345,1
-0.765858728058017,-0.05327375903035206,0
0.7336200001149445,-1.0277729760161052,1
-0.9010229676057819,0.026751292304932724,0
-1.6121315850462021,1.6011974338500414,0
0.5695066754663434,-0.3440472626824307,1
1.0819432514259608,0.21279053772550988,1
2.8189243080689175,0.09974824421605788,2
-2.0648668740933918,0.31549251982122295,0
-1.1140607621628813,1.7035478466276255,0
-1.3015120619471952,0.026243855844524454,0
0.015647498970195788,0.835312317343829,0
0.08371978055201307,-0.3466910061439982,1
2.475356458729851,-0.28033303965924244,1
2.666788693773411,0.3703905768140499,2
-0.27221105696684295,-0.41877646672728736,1
-1.0734365082844903,-0.06691681147936629,0
0.0214379227913491,-0.3967411189355897,1
-0.9671415084151311,-0.37744456493104367,0
1.6436717623485302,-0.9617167985110283,1
-1.4367099511602524,0.10501577697542108,0
-1.937212060818724,0.0031894176457195242,0
-1.9359874714558152,0.35445787887241,0
1.6307021445563075,0.3691733886408713,1
-0.7601597804706443,1.356484729391998,0
-1.4206837079249293,0.04286921013885642,0
1.2457220496832468,-0.7368085654182526,1
1.3523233381897135,0.2939129782947849,1
-1.4536669613819018,1.6372094907830212,0
-0.15443146475358566,-0.49208974398506955,1
-1.3038930088017524,0.02468427440751044,0
-0.6417600104599933,-0.42536693513196416,0
-1.7298389844702025,0.44177860940263286,0
-1.3472556748092626,0.14889068824220827,0
-1.6567497706401701,0.1362601949498154,0
-1.6876689616147984,0.3764115283314011,0
1.0859477055750433,-1.197393760418707,1
-1.120261905974083,0.2936763872528484,0
3.7504547955604854,2.784639934635355,2
-1.7965434195713141,0.27473084099665596,0
-0.9420495049161549,-0.14533401836668208,0
-1.9538587117673154,0.3570280673132625,0
-1.075717562204169,0.2851006881645091,0
1.590858656645227,0.4965920727248429,1
-0.2644648594968336,0.18284850774181166,0
-0.8027823738866561,-0.5139277121602003,0
-1.1224111175174487,-1.1252120859827195,0
-1.828935768128297,-0.13052660155474557,0
-1.750759656837667,0.5033109651653789,0
-2.1061127423493646,0.3796507097898229,0
1.9362418515163278,-0.0839495486805397,1
2.0643294991468926,2.2713749979764666,2
1.95252942244425,-0.026835036085827168,1
3.2712621438460445,-0.6806759439704867,2
0.7611187918802043,-0.5569212234001866,1
1.1678569723913754,-1.0879334648986936,1
0.06366391980398316,-0.7015040284917508,1
0.24428085527994445,-0.5465136137590546,1
0.5330481280609143,-0.5294037535551432,1
-1.1688105403223248,1.7109894223278013,0
3.55118033017009,1.5396780250694666,2
-1.17246068301058,1.653383942313236,0
2.504351109002705,0.6813353337799362,2
3.324445645050203,1.2640716043425402,2
-1.5148918821027746,0.055760094805317434,0
-1.189611868063541,0.12573805453746564,0
3.430160477480931,3.312016572256088,2
1.1580448622893311,-1.562491404933048,1
-1.7959101175481664,0.09928616483780928,0
-1.0044336575569695,-0.016999865749557842,0
1.5607294355863022,-0.6610973669424837,1
0.8760871251849222,0.8434620348639541,1
0.8326934211564904,-0.9226635095175604,1
-0.1899227826142283,0.8626438643095807,0
0.8226565892742852,-1.2817560309598182,1
-1.6294179191540934,0.01494397577161987,0
2.080215036934437,0.08109839083205067,1
-1.2152505413409909,1.7182154269081609,0
-1.2792262401775065,0.08078636421078111,0
1.8137490496571755,0.4132098018428108,2
-0.3617783570751378,-0.5211364654113148,0
2.6549715475322953,0.551705955417858,2
2.433738919000997,1.0854847721565062,2
-1.423703294845228,0.10066303408285121,0
-0.2833599125247734,-0.6470454147874474,1
-0.9986366779820507,-0.24587499858527415,0
-1.7095054810316583,0.32088903965751603,0
0.7382555347400812,0.5535631786581068,1
-1.3966748080983993,0.33373965429880104,0
4.3373685711481675,2.7775640470576475,2
0.4899114034653184,-0.8719274109378706,1
-2.289019061658302,0.4664376355213035,0
-1.8974931411824403,0.23073424827398803,0
-1.3706793920951086,0.21180721209218745,0
-1.5609818751938536,0.3565449182323277,0
-1.3563749964872318,0.32715684634772774,0
-0.8609680965154844,0.19772497952353965,0
-1.5738105103851148,0.18262779250151415,0
1.3797339605820744,0.17154685557406252,1
1.9436467410345815,0.9414910685249135,2
-2.1480769759625398,0.15156385686675186,0
4.27222289825426,3.0808775542652267,2
-1.9421672959646907,0.2967936478375138,0
-0.33374126637819396,-0.6449496675139794,1
1.7243094702837216,0.6071787548266631,2
1.139017904990145,-1.322498434708192,1
0.043459452037087246,-0.8169387031632986,1
2.9089051004009714,1.6120978885207162,2
3.853343361431244,3.637804377916178,2
1.788417419329128,-1.7039482236076788,1
0.5785980397024767,-0.7716993292905351,1
1.5491321925290478,-1.0082531682861753,1
-0.5032101555657945,-0.4424306780547954,0
1.176909449827467,-1.0337222904686747,1
-0.42494296898443357,-0.2195058430965321,0
-1.4898071386770408,-0.06568895890248583,0
-0.38398588317707366,-0.39713322081595576,0
-1.3850053540226444,0.2719357897800376,0
-1.2891325213302447,0.08237516565194031,0
-1.7997440722780476,0.5119588338918935,0
2.298924171256927,-1.295046861177725,1
-0.4423111051081283,-0.3899386419820424,0
2.0220013276109823,0.2616121546066145,2
0.19807868309878354,0.6343293926491362,1
-1.862978762934023,0.10833449168522391,0
2.414719857017213,-1.6062843947895804,1
-1.8151190881294355,0.2193140768863307,0
-1.1484542249538492,0.12226571809780704,0
-1.6705989519196867,-0.08744930748672712,0
1.5525805259339311,0.6886306918138279,2
-1.6405793551406893,0.1353620708602079,0
-0.14303780351151063,-0.7325039330417408,1
2.5524830561059266,1.6626898248502102,2
2.1968459113699095,-1.168588348867429,1
3.2609611106545637,2.6568065769310873,2
-0.5793971395104145,-0.19504144539140916,0
0.7728328936530959,-0.3726759445056493,1
-1.446521365752929,0.16594169437309267,0
-1.623379845582257,0.3664928524247778,0
-0.5972406799691493,-0.4875969036230883,0
-0.00818979398598746,1.0144776736988455,0
-0.4912197943048965,-0.3811763764701954,0
2.269864070516441,-0.30475252140590964,1
-2.072981215611708,0.3770117105556428,0
-1.9221991495008526,0.2933723877929399,0
-1.5335360323049991,0.17853376415049244,0
-1.9780817680676068,0.4199393567289741,0
-0.33693343937993164,-0.4054267269719058,0
1.4916818738648905,0.15459577259161733,1
1.4979909424577746,-0.6538346615204343,1
1.6773218553133353,-0.9114365428792296,1
0.9081131947313094,-0.44862933343918254,1
-2.147486910467969,0.38645850271019894,0
-0.3946654317907517,-0.04862993070658561,0
2.0303968986999785,0.4509190570408714,2
1.0781955879532357,-1.0175409109101259,1
-0.735496935739017,1.294293473697163,0
0.33305439951313953,-0.6174013337235349,1
1.9550761016269393,-0.7037589730321329,1
-1.383894378342473,0.03860892869802218,0
0.5773866717909569,-1.009614308160301,1
-1.399790849804275,1.4521914391116453,0
0.35827937414200234,-1.039906580869892,1
1.0106391805371635,-1.2997658499711713,1
0.9703342102207473,0.6459683245344043,1
0.9200800148499314,-0.4540519606757991,1
-0.2865175737996816,-0.5308229889024256,1
-1.551743224070513,0.23767509600100645,0
-0.9203435190603519,-0.20648156188880862,0
-0.5506688552785349,0.093607196836266,0
-0.5718852275526118,-0.13952838970785142,0
-1.0911026796890446,0.11112885446340406,0
-1.5406419621779845,0.17718369882865584,0
0.7555804763295244,0.3739333213050696,1
1.2147928926798337,-1.3885313510883392,1
-0.14986751640957624,-0.6707696209440189,1
0.07124736665276572,-0.70334006124785,1
-1.4133555215138083,1.5723744320354116,0
0.38314330449931683,0.7785831889397871,1
-0.5008737201953297,-0.2656725196900489,0
-0.8799525329452856,-0.09352598023746678,0
-0.6461613022010917,-0.18918456828053665,0
-1.3484003601545798,0.38439304089973514,0
-1.3072084727780722,0.318450050076141,0
-1.8654502725225457,0.1675240267448765,0
3.3418639304843833,1.7951978552615857,2
-1.2220494042321368,0.2472897663365947,0
-1.8560800450374464,0.2833349203779285,0
-1.3535799832500723,0.20812670880689393,0
1.5429292308693119,-0.8335410258121803,1
-0.25856500071912236,-0.4788968410907199,1
-1.833346454427896,0.22322765124100574,0
-1.5801104598298743,0.30130593109939874,0
-1.6058169963848217,0.4240755382536936,0
-1.8453826285310397,0.34063219079478685,0
0.8547637963415267,-0.9860993404193499,1
-1.706051145315137,0.43740365844610724,0
-1.759254670967687,0.2109179705629912,0
0.9690493293213601,-0.9995969959830608,1
-0.30626847959541526,-0.40983257735500045,0
-0.17659218800454118,-0.43342146813001015,1
0.7533775627981923,-0.8534856480467449,1
-1.1456394836882455,-0.05451460954779969,0
-0.6830781872529578,-0.4139436800091122,0
0.6619967172041445,-1.3128130094870092,1
-1.0133619311780082,-0.252712671815558,0
-0.37155047229215216,-0.5210148413779562,0
0.8153780376963028,-0.8620525002664505,1
-0.10915404538863722,-0.4384049100671853,1
-1.00723163562548,-0.25344874137141266,0
0.8800038719393413,-0.8717074209849599,1
3.4216445955220345,3.0719951068932536,2
-1.552210564257593,0.35537897676372604,0
2.084699071590315,0.5566802966862715,2
-1.0197470765801104,-0.24976775004792343,0
0.1222252994673406,-0.5883957104519388,1
-1.8336558286611668,0.22330577780032193,0
-1.0711654567851319,0.2301897335454924,0
-1.573581641460084,0.2419446932078293,0
-1.7660863501041646,0.15250278723980873,0
-1.8580954472886047,0.46012048245780285,0
0.6715029970320594,-0.721676484350306,1
2.161091628414442,0.012597280915905916,1
-1.171537249039288,0.23966963324821286,0
-2.0391716897511523,0.31215094853405034,0
-1.5737539841394474,0.06558353415775697,0
-1.7136752103845023,0.3208575158275717,0
-1.4851429019909421,0.2862559022058592,0
-1.4361773066150294,0.16224226530532812,0
-0.7877495778591139,-0.3361910189629858,0
-1.9008928773600349,0.34954106112710215,0
-1.8556665577826348,0.4017237560197365,0
2.855120197256125,1.6085733297213085,2
-1.631398904983476,0.2498175666536578,0
0.29826107818443565,-0.6818212238853796,1
-1.1074600375528387,1.4666247619077692,0
-0.17659218800454118,-0.43342146813001015,1
-2.1494975933359957,0.44579870478120004,0
-1.5954920689791663,0.48315903535845167,0
-1.1177831913177227,-0.05972350297233831,0
-1.3765484436944717,-0.023391990253624907,0
-1.795371903123894,0.4510985430895629,0
-1.6318857963679492,-0.044003698772539825,0
2.775798983801906,0.23231738171627775,2
3.8452806652403715,1.3774886991715216,2
-0.8408680247038763,0.08026778223574796,0
1.234054561845904,-0.5548552054785849,1
1.5806273498965047,-0.09223321534052771,1
0.8816506905272191,-0.4450776407742981,1
0.3232939366109896,-0.3782715451116778,1
-0.901685922459811,-0.09065625442067993,0
0.9053117633326203,-0.3931331915834965,1
1.5651087145032392,-0.8347794694511328,1
-1.462837411874305,0.22511228450943338,0
-0.4290451097021783,-0.6236836955832007,0
0.6315281886536138,-0.3531834816116643,1
-0.8745199289205434,-0.21361457631826125,0
-1.6249551190002733,0.0732761497742348,0
4.754712050074312,2.5967511240694985,2
-0.3364938299930841,-0.5785145011247579,1
1.0698931711597022,0.44644652700146187,1
0.5465752107388031,-0.9443879922127357,1
-0.2920154545575017,2.8158747722421382,0
-1.918743534471082,0.1165582899141121,0
-1.8650723329057375,0.34445181806300423,0
0.2150898549390629,-0.6535151917736678,1
0.3675657687224427,-0.9779612694015648,1
2.249942637201319,0.5953184988371457,2
-1.8711346507867233,0.6391667147722557,0
1.7443018118799993,-1.2167882544857203,1
-1.84979368150382,0.22476518249937844,0
-1.0538243397105906,-0.24569641779905319,0
-1.82345303663757,0.4559009831903792,0
2.8659961341827644,1.6052654903856756,2
1.0124034289030253,-0.8227041686616765,1
-1.2045625196859409,0.011649753810731156,0
1.5491321925290478,-1.0082531682861753,1
-1.1024814447592706,0.34861546619598593,0
-1.2873205179416636,0.20366708586892357,0
1.715885757513549,0.010185531984536414,1
1.7909798273773307,-1.7047751541355025,1
0.8543803263773403,-0.9850978362529574,1
-2.047125504475724,0.31247009589764746,0
-2.041674571098779,0.31208815446368,0
1.1384800984654022,-0.6634178458063458,1
1.1620135458410157,-1.0891908917426394,1
1.3819015844054607,-0.39042311818055564,1
1.1315528914812327,0.2566998268673467,1
3.2997295944869425,-0.3781162263347528,2
-0.1802546814984432,-0.6069284300192374,1
1.1662220070073512,-1.4475700014495123,1
-0.5404422143529994,-0.4971090281224913,0
0.7136601084091745,-1.1473022627810745,1
-1.5022568356585546,0.17265122442661254,0
1.1471525506832811,-1.022155830031178,1
-1.6618285862656368,0.2550686680845126,0
1.5168069611616648,0.159109629843936,1
1.8318380824323612,-1.2308744944126297,1
1.92889883030953,-1.4838347366390228,1
-0.03444515944831698,-0.6271633882875728,1
-1.8556665577826348,0.4017237560197365,0
-0.07709147275823679,-0.8566257370761045,1
1.326588129935558,-1.7662862398396124,1
1.7418376999569547,0.13560518860465193,1
0.7424559103218937,1.0972838390827386,1
0.7880214674305224,-1.2165505355249842,1
1.841365868264596,-0.3621474926779692,1
1.2137420112624093,-0.8584878744320135,1
0.962276617907493,-1.2345025987332388,1
1.2167639684125358,-0.49707890062499627,1
-0.8581551137097752,-0.2179706397739974,0
2.2849251221004434,-1.4693850693751742,1
1.8441763303958847,-0.8727582619009773,1
-1.8357880746729902,0.16393000884933703,0
-0.6840896211976983,-0.12140622890603503,0
1.0875335931833134,-1.3730135963378165,1
-1.701665880962115,0.3207758533972526,0
-1.3531367260148246,0.0921564950815616,0
-1.5711066630676491,0.06606491070196796,0
2.198617865794755,-0.799315743196503,1
1.6750088040855626,-0.9054571278397177,1
-1.506325936267503,0.23252214021266904,0
-1.4847915705423431,0.1691671703116683,0
-2.435313888787967,0.31120793682927256,0
1.3685757239518441,-1.7140867866251268,1
1.128684028243753,-0.4236850374760785,1
-1.542597972565292,0.06195289436318513,0
2.420951422403312,2.103465536182117,2
-2.0805574861266822,0.3772109922509625,0
2.376850309823175,-0.25138074394459636,1
0.34636228246689643,0.6645797348413583,1
1.3695535121394062,-1.2960377031091,1
-0.8581551137097752,-0.2179706397739974,0
-1.6788544583577232,0.08222509893392821,0
-0.8702539055973669,-0.6242763853881592,0
-2.3291619943241257,0.3547028396740343,0
0.6060336586134365,-0.2883188918478691,1
1.8427336708303952,0.28755507896026106,1
1.5130443688749473,-1.4875603021863475,1
-1.4787392946133486,0.05106113286478409,0
1.5782054681846407,-1.3256270877844598,1
1.1629534350238333,-0.7190378389578265,1
-1.461833651346405,0.4596299697636623,0
0.7328118984617564,-1.1444980678554246,1
-1.235743641538897,0.07425814700566052,0
-1.770706236981846,0.3312540132665624,0
-1.4112461369014826,0.04386753010726219,0
0.7374567187871877,-0.9129517109888456,1
-1.7709176403108875,0.44744089141244114,0
-1.290181020952222,0.49503654526711816,0
0.3444331599072743,-0.2650539259763275,1
0.7773922707109953,-0.6106121936446611,1
1.1901020895124887,1.0330558863544586,2
1.9719436337945684,-1.7322636169049432,1
-1.5812045001579926,0.2419622721000519,0
0.22237763610297076,0.6233346625487829,1
-1.8546003010467162,0.4009967103586706,0
-1.5110974190533402,-0.0020877146220957057,0
1.455941986431112,-1.2460069084339715,1
-1.1177831913177227,-0.05972350297233831,0
0.1498828200347787,-0.89017447826514,1
-1.9862290079684652,0.36178554582544925,0
0.8973161820028278,-0.6385805258034559,1
-1.1270332629194715,-0.0013672261755070297,0
-0.3986112215936516,-0.39621654175773424,0
1.8072101583879265,0.2986703589340835,1
1.0171725569327679,-0.8320423415465917,1
0.7358380654196635,-1.2089613789279485,1
1.4487937722012887,-1.127452444105726,1
3.0326123148343154,1.3516892165392724,2
-1.3068468230149048,0.02456368625235985,0
-1.8846023214509366,0.34755533743604583,0
-0.07709147275823679,-0.8566257370761045,1
-0.666631072650497,-0.4781039584956745,0
-1.178966481671921,0.12614524948890196,0
2.8252588394937406,1.9879025223774187,2
-1.3992831724097785,0.10009313867415193,0
0.22866590122456545,-0.6646223258455949,1
-1.8497820819809232,0.45908653580759695,0
0.8970777124354555,-0.392803223678348,1
0.7568399270391164,-0.25782000973214014,1
-1.3686291780149638,0.2701573358008819,0
1.311577315016733,-1.0553590531389883,1
-1.17246068301058,1.653383942313236,0
-0.9618632139115926,-0.20078420103721228,0
-0.5941702143001162,0.04270558182527964,0
-0.7345572292828968,-0.528309152162511,0
2.5922074190758826,0.13426471933826478,2
-1.2799131740941085,-0.09427041359295735,0
0.3925314270315798,-0.14646672967236313,1
-1.562999364966997,1.5356607982666717,0
-0.5032101555657945,-0.4424306780547954,0
-1.2909249207294649,0.37729520289415436,0
0.01854833060396628,-0.8124572070728421,1
-1.705460547113976,-0.0924445604240975,0
-0.04213645061361857,0.72532659996555,0
1.7326797724251584,-1.0400318526081747,1
-1.9051182537285989,0.5860114414668802,0
0.2983983788930333,-0.8503338491118113,1
3.5043322191780213,0.13568682073361088,2
1.7908060592752293,0.5390854857854647,2
-1.5684103852777658,0.41717426714421485,0
-1.7672737745766691,0.21156151886529379,0
-1.1114353721633425,0.1715344887328738,0
1.4114806135043199,-1.059011982319467,1
1.3079307499905959,0.0025631312635471426,1
0.1883997903759815,-0.7208560970759266,1
0.03966518520055068,-0.34127179517475176,1
1.455043140018056,-0.8172001515144901,1
-2.0815833122707113,0.20050676006923188,0
2.0056407668236957,0.518880680557396,2
-0.7784717840413378,-0.4611690477133871,0
-1.6634906552062265,0.19559051427397503,0
0.7183344926312005,-0.9625926383945366,1
-1.9523101504067673,0.41561114486699985,0
-0.5059621533131903,-0.1471456921491428,0
-0.3946654317907517,-0.04862993070658561,0
1.627233172945566,-1.7399274672429883,1
-0.4175968417387917,1.3059075011480745,0
-1.7612372143679749,0.03486134887444333,0
1.0291162278161492,-0.6428303239935025,1
0.6000689307765035,-1.2497183354664827,1
-0.675653070817728,-0.124692075485549,0
-0.5212578392803281,-0.265239657868431,0
0.8297364360281455,-1.0907407939483,1
-0.26617900666808625,-0.5280405522842174,1
-1.766262221268936,0.034895939678035635,0
-1.484960636722579,0.17013633007774528,0
1.528086254682742,-1.1959976758992885,1
-0.8918793466132582,-0.1500086837252973,0
-1.0042045653796876,0.09880600875706327,0
-2.038299989407747,0.36957792908434606,0
-0.41524855313897197,-0.3931404840237567,0
1.0791512980323503,-1.3755236844887955,1
0.2050723952097628,-0.7748903749007368,1
0.7906633946863448,-0.6782567008930287,1
-1.4419662529894544,0.2804343981872686,0
-1.8140255316240532,0.3362477470461175,0
-1.7966187504077158,0.4516641011977288,0
3.1162617893518596,3.0609777116239383,2
0.8678917599059534,-1.347491146808977,1
-2.1051533517797067,0.4980515573574104,0
1.0118871015691542,-0.8318111843483115,1
-1.8510307675559599,0.5773801157543803,0
-0.06234792063878195,-0.5062643257503122,1
0.9613909520123339,0.6478207639393387,1
0.9248501920511435,-0.8664569487160686,1
-0.8836281503720854,0.08130817622458456,0
-2.0079818052594534,0.36626241274417265,0
2.0452545527081423,-1.1429830694234715,1
-1.2442509313193344,-0.10084562348214754,0
-1.952464543667405,0.3571637535086814,0
-1.5806371786205087,0.2431978042713766,0
-0.7078062169797361,-0.41081092149108456,0
0.662647800399172,-0.7790629363167092,1
0.46260801858849027,-0.988901939834431,1
2.564577651446034,2.0270394812078267,2
0.34437965894243183,-1.0362684028152536,1
-0.8554624705079956,-0.39180721789535694,0
0.9913543356152608,-1.0031506025190466,1
-1.2344198174322427,0.07305187312016254,0
-1.8121392689338018,0.45516932749842093,0
-1.412943738006342,0.21818310200437635,0
0.6909423545775925,-0.8439724685282931,1
-1.6976212874462386,0.3781645517669328,0
2.095208325514943,-1.4430296558340074,1
3.2712621438460445,-0.6806759439704867,2
0.22237794117407514,2.2733716729732265,0
1.7411895805324449,-0.6224270165582901,1
3.108321899586536,0.06927018520296457,2
1.5640695444483323,0.5032127322408584,1
2.429448628419697,-1.8489631990473718,1
-2.1066776138257004,0.44097466187896245,0
-1.0395567135859072,-0.36362631940928336,0
-2.1384125906679996,0.3263672502674136,0
-0.22975471550303098,-0.5397320936834185,1
-1.6387988801924385,0.2520977487924011,0
2.211960253585813,0.3061156860237088,2
-1.2609366893388039,0.019776753287350367,0
-1.824896481707547,0.16128036609976076,0
-2.3459953251459638,0.710708602444396,0
-0.6541756778427371,-0.1839807346434046,0
-1.6246570218244807,0.4258167650712824,0
1.5498352989493334,-0.4708621443380829,1
2.0987110586305975,1.2409517019816874,2
1.2359586931968616,-1.3318067488033343,1
1.3548141638649027,-0.7550903190427083,1
0.35876488869473516,-0.9144511994844784,1
1.0570038764720426,-0.7640416583193502,1
-2.1558806771946317,0.3875045785105231,0
-2.0454727262043764,0.4301372375369959,0
-1.980233921152363,0.24450597000903365,0
0.41007286957199707,-0.6266924588811523,1
-1.5770470464555661,0.35928302004457585,0
0.9325031417930868,1.2987848269916893,2
-1.5215397383999838,0.29215555192460674,0
2.1316284424957757,-1.2681733917707925,1
1.4505230567330285,-1.4206643812193565,1
-1.3038930088017524,0.02468427440751044,0
-1.7924363895289153,0.03893887249313182,0
0.6194020339257095,-1.0725989203167348,1
-1.8496589433298343,-0.06892967421570732,0
-1.1028937123823295,-0.12103802207115055,0
2.3279150262372537,-0.4301367522698092,1
-0.47685130929453823,-0.32946573997648937,0
0.6419173363903624,-0.7784520051450812,1
-0.7582972940333956,0.00739047255632713,0
4.579675799598993,4.207393960928351,2
3.5145574632997656,2.757950038651742,2
-1.5576145295181265,0.35773550795586373,0
2.697188727419542,0.056779856530291856,2
-1.9691216187149032,0.24273523131609992,0
-0.32949924226741517,-0.698681458213546,1
0.6397772241381531,-0.5910786949877472,1
-1.9112610280339715,0.2329685118885512,0
-0.6856832084941847,-0.359074816172073,0
1.4536809174951055,0.10377658077950477,1
-2.17854218940897,0.3906086840052585,0
4.476769018136234,2.5697985494369546,2
3.9228251301393224,3.0648302769732667,2
2.6484603171029013,0.2438523039415778,2
-0.4742725093985148,-0.6233091153831447,0
-1.9556887156719134,0.18189208879031837,0
-0.5001027234326924,-0.5627032424828046,0
-2.0446285930904486,0.43073336253955546,0
1.5782054681846407,-1.3256270877844598,1
1.8317290778727289,-1.3524547797909798,1
-1.2750459541024677,0.19712855768058224,0
-2.0391716897511523,0.31215094853405034,0
-1.0648654868976917,1.5783671749577624,0
2.16131569812502,0.546002855121642,2
0.5523535429229747,-0.5937435865250238,1
1.9115367036798583,-1.299952822689704,1
0.8492027426624548,-0.8154159298539169,1
1.8334603955067614,0.46710266862044464,2
0.4823131985556833,0.6468071304122183,1
-1.4212389461167803,0.21836502011531017,0
-0.18399767311820076,1.213643589503408,0
-0.2448351936115007,-0.7715914639662984,1
-1.0416419008523563,-0.012582022581524388,0
1.6646161291501442,-1.1487813536099372,1
0.8953981366725283,-1.1690568624035194,1
1.719422844436199,-0.9209647606361331,1
-1.9397815545717723,0.4140985752548962,0
1.042138902935045,-0.8887432740323479,1
1.1060569354326049,-1.021083443315042,1
3.633079471587852,3.3519856579775147,2
1.4968996160355608,0.45814646810268617,1
-0.4506686171218008,-0.4485325592181719,0
-1.7626018932077587,0.3290248477210873,0
0.6912110185594975,0.44180006231972074,1
-1.6124392384306696,0.12932398136372814,0
-2.132384821832077,0.32552082697626605,0
-1.288236961287259,0.08157950536454278,0
-0.9820148320152509,-0.19780709037528255,0
-1.6461620417104448,0.3703386327234924,0
0.9803260893347111,-0.8910253078610819,1
0.4059640213882078,-0.687751717987468,1
-2.124465259958526,0.2656666886529018,0
-0.2309519058833086,-0.24288871772498,0
1.5459861934399473,-1.2583639932708883,1
-1.8919123371116624,0.23080454232274358,0
1.3822263841278177,-1.2956847280897594,1
-1.7867666137051976,0.44973746105917894,0
0.7728328936530959,-0.3726759445056493,1
-1.8642368430675602,0.3441999575763311,0
-0.29341884535380913,1.1724348257185302,0
-1.4931550237843374,-0.06379987845767823,0
-0.8334234275503917,-0.04198019252080257,0
0.8855041792860839,-0.6902364543268704,1
1.0877214408230447,-0.3607019683768893,1
-1.5611129964669057,0.3568477953122691,0
-0.5001027234326924,-0.5627032424828046,0
-1.1874130096462958,-0.22585812819109655,0
-1.0422508903006538,-0.3034595384834749,0
-1.3775187910696267,0.15468285503231496,0
0.05615818091095832,-0.404149333498083,1
-2.011565408484079,0.3075774192282375,0
-1.1904218676894398,0.06880504857885422,0
1.5385358272131,-1.1899304668614556,1
1.4344892641199483,-1.305424825589456,1
-0.5850050510458716,-0.6067930215233754,0
-0.5126833339087404,-0.4428259783047909,0
0.047858973752671806,-0.7554514668744966,1
-1.5155996069983475,0.2350220728864475,0
1.804514342283422,-1.645641109334831,1
1.3246622004284854,-0.9923511037154813,1
-1.547885809724353,0.17956614860261322,0
-1.3563749964872318,0.32715684634772774,0
2.404045220384307,0.21218779850717026,2
-1.506325936267503,0.23252214021266904,0
-0.4372848868667627,1.018191298703946,0
-1.9216149655531078,0.4118298380610795,0
-0.27529836566428983,-0.17920643541764603,0
-1.487665146907269,0.17048141516400286,0
0.9162822957440497,0.8933211099456193,1
1.0118871015691542,-0.8318111843483115,1
1.6890874093599615,-1.1586696946915502,1
3.275743714661717,-0.37415177175198894,2
-0.6971132811304767,-0.004324547233715006,0
-0.08324205531717531,-0.9737401722442784,1
-0.8212129326709964,1.4819758570628447,0
0.962276617907493,-1.2345025987332388,1
-1.225088087461525,-0.5071491442131675,0
-1.92522755874139,0.1765104183739735,0
1.6979947301259513,-0.49843464992700487,1
1.8488156115638283,0.7218199510536855,2
-1.4830401894470078,0.1686513201882037,0
0.8700785405803557,-1.0952224862057527,1
1.1070943987106212,1.1008090128724668,2
1.4972316848233038,0.8245536852573588,2
1.2219017603448177,-0.6703721478429864,1
-1.9223517486780384,0.23451580866942662,0
1.1683690829128552,0.37912795899045576,1
1.6732046755215721,-1.151492481821317,1
-0.02429800118014423,-0.6258946528638799,1
-1.8459442917739488,0.3993448803984636,0
1.008347622980114,0.8220626207617391,1
-1.2713759794965094,0.13760094947486154,0
-1.383894378342473,0.03860892869802218,0
0.7530997766867479,-0.7909153432447291,1
1.1594864552890365,-1.256641015379071,1
-1.8846802813929748,0.2881213055029258,0
-0.3169128828678295,-0.35016502459598464,0
1.220731310756038,-0.43146875089249687,1
1.9363607110331014,-0.9457962002812453,1
-1.4342798265487957,-0.12939083205664173,0
-1.3952237578772824,-0.07863644626949887,0
-0.7971476704624102,-0.224185824421976,0
1.3261660762549017,-1.5835758343253383,1
-0.7054679275259657,-0.23789057267143238,0
-0.765858728058017,-0.05327375903035206,0
-1.3298022612022282,0.14716991112349412,0
1.422536009762635,-0.9455313496237168,1
-0.05140825210578167,0.9606080508633752,0
0.24428085527994445,-0.5465136137590546,1
2.2423779551187435,-1.8166844851290493,1
-1.1248536929156971,-0.2354843958863137,0
2.7707996922379245,3.26717867800018,2
-1.8389831373508496,0.2811646422179639,0
0.504351904207978,-0.27656533390839905,1
0.38930145850641823,-0.8103262994250251,1
2.8821117525286,2.7639051448957677,2
-1.1246216351390868,-1.0658731925202853,0
-1.7247724599688865,0.2650045903511831,0
0.1337229698416975,-0.650960039191973,1
-1.830608510940636,0.2208958472464597,0
3.4169178078484164,1.0004168153152384,2
-2.0535203204805454,0.37181111853901977,0
1.3504553062723403,-0.746757693374225,1
0.9199414514777338,-0.3225259516058884,1
1.6222747776820492,-0.8491911438156616,1
3.290558995556531,0.7789277535384644,2
-0.9378163094963824,0.1473558963945062,0
-1.8885291718263766,0.23120636647473278,0
1.4922445341211446,-0.8228751679369511,1
0.19204867559548847,-0.7157446291863263,1
0.41749081136809496,-0.26704758264073647,1
-2.472128096812768,0.5529405908144731,0
-0.13964133992493,-0.3168013998875124,1
0.4329725740227511,-0.20940259077964593,1
2.0303968986999785,0.4509190570408714,2
1.689171921666412,-0.23357040062687418,1
-1.5988759653973776,0.18659783319156178,0
-1.7774417392975461,0.3893567692951374,0
-0.5167110959618227,-0.7335022986403202,0
4.163659816392984,2.8599437563749444,2
-1.8436412009721708,0.2820875317868445,0
1.3993369459912486,-1.1780218256674464,1
-1.3590956620071954,0.2091789759770365,0
0.8475101502452418,-1.1651983070311764,1
-1.6181149734190965,0.6018146548803401,0
-1.982668133227193,0.3620661957005941,0
0.20182032883426748,-1.0040989708516288,1
1.8991264033665936,0.6463858739305508,2
1.3834023524983559,-1.1759325257326092,1
2.2022092360465986,-1.5178309501531628,1
1.7916665367549438,-0.8588602893401341,1
-1.2042720931714788,1.5397631712764885,0
-0.8380182724149734,-0.1021483011960187,0
1.3301808335121736,0.4784216822245549,1
-2.017901552960333,0.5438314868204854,0
-0.04327887817707069,-0.6253903840505215,1
-1.6289405262173797,0.48572002525765434,0
2.2651011722515575,0.7739798782500033,2
1.3524759680215097,-1.1781557319776494,1
-0.03396729319365298,0.9023686899855121,0
1.9351848654149084,-0.81216348941043,1
3.9493736343754726,3.063278740975356,2
-1.5640167094854491,0.12289982844058422,0
2.3492132173545577,1.0236289197266717,2
-0.012218487427141676,0.0886522717678134,1
-0.7273954934995275,-0.1750739336882109,0
-1.4363877729532086,1.6941744105262746,0
2.2251783171379924,0.8974157298087522,2
1.6896877435589508,-1.1281588509346816,1
0.0028501863613282167,-0.4536344551623615,1
-1.2412522478514705,0.13305656123053664,0
-2.0218842379801854,0.36817096681146344,0
0.014777722578021402,-0.22299801900333288,1
-1.6321451423484035,0.13213948724841926,0
-0.20547682285840943,1.1027734776654063,0
0.16779168371474298,-0.10992083959735582,1
1.3197188145782586,-1.343593294687336,1
-1.5749472746850446,0.18345984023926656,0
-1.7262296235732852,0.38244887620016693,0
-1.2217775811010623,1.6019127070032033,0
1.632989763673704,-0.6757729926621224,1
2.114581084208207,0.2592527669900773,2
1.9291365387232093,-1.005850751882341,1
3.1950870661901023,1.5198281730816348,2
1.6535510738547297,-1.7424507802241098,1
1.5949432886200532,1.4223461255880712,2
-2.072981215611708,0.3770117105556428,0
-1.5222976637033336,0.1747937873579948,0
-1.7947241514333994,0.15974834200601468,0
-1.7900793311079684,0.39129469887259366,0
-1.9345207698719857,0.5325739943699561,0
0.9661453797902694,-0.8222055625189649,1
4.510993896875025,4.025703305916337,2
2.7569800919564607,0.052100698365123016,2
2.157428308708465,-1.5827887214762726,1
-2.160771889509142,0.5062847502949445,0
2.0986523686468823,1.547374427135342,2
0.7384187573255685,-0.24541575994358686,1
1.1556767487764186,-0.7783924548639042,1
0.9768816319994265,-1.1827018237544369,1
-0.9150201917313466,0.2025134364049527,0
-0.06271060430008857,-0.26974755798899913,1
-1.8620320434219932,0.16697690638098586,0
-1.6160929096043328,0.13047281283746212,0
1.1561951939458988,-0.9101015925698176,1
-1.6239798491395603,0.24882416772818497,0
0.03088558686407879,-0.6364213676153444,1
0.8434635990751583,-1.2207308554780583,1
-1.924902117588371,0.5293929154184512,0
-2.0744907295828745,0.49370896994204105,0
3.1953584631669028,2.982585097948329,2
-1.797692958818131,0.2751873539780959,0
-1.9854408133882098,0.36245301989581297,0
1.1212722285649661,-0.7809717031019328,1
-1.3210969020176018,0.030110573880309376,0
1.123138756337245,-0.6575490572324858,1
0.8232365719984541,-0.6154206504684346,1
1.0933051002331247,-0.7263659485294974,1
-1.3012705902302373,-0.03462239187894706,0
-1.2045625196859409,0.011649753810731156,0
-1.0100547883303783,0.10097821992897002,0
-0.007450709189786399,-0.4503819099187137,1
1.3265365248887109,-0.5682720574640294,1
2.5474410879225236,-1.377388077765158,1
-0.03761901168205652,-0.3899394384423748,1
0.8233354818141272,-0.32191831709799745,1
-1.9184122272449704,0.4106232125025652,0
0.3514895928322131,0.608166523972753,1
3.1507799875366844,-0.07228883675708536,2
-0.8836281503720854,0.08130817622458456,0
1.4310700604843944,-1.242946807592315,1
3.2044200251883947,3.1661296014366362,2
-1.4305271261964676,0.2788345417558805,0
-0.9577533911928022,-0.20165583956414712,0
-1.0187916386371003,0.04291335612631281,0
2.1259966511109134,-1.2071230776166084,1
0.8383238580728742,-0.923575812993567,1
1.7464179605433687,-1.286556025689848,1
1.9373606123188258,0.5199648854116097,2
2.7135794641662137,1.8143969336571633,2
0.852241173479255,0.8465246356984057,1
-1.2208129121703066,1.7784688893907192,0
-0.5850050510458716,-0.6067930215233754,0
-0.4349474000858898,-0.507833601115664,0
-0.8102398717207877,0.013150354747934797,0
-1.288928884260444,-0.5582851963246246,0
-0.5149519778600369,-0.4912976843396895,0
-1.1647670341077692,-0.11374855835606962,0
-1.4867521367420276,0.1699347636974672,0
-1.2492468153404945,1.6053017207309597,0
-1.2991501073120655,-0.20812101407857717,0
-1.4931550237843374,-0.06379987845767823,0
3.772931590865718,1.6810081483415937,2
-0.9548091638429346,0.2100572007976854,0
0.2668484514112839,-0.9681461482185875,1
-2.2463149715234954,0.5781006134034136,0
-0.16466576974377953,-0.5539864216285847,1
-0.6439715382401902,-0.06477266461915418,0
-1.5026693552678936,-0.06091763353607533,0
-0.285121423987626,-0.2352830372547704,0
2.398288356233326,0.5260442644711463,2
-1.1037071808121404,-0.06128078058355319,0
3.6708203812060116,-0.1295714610588739,2
3.195669255165406,1.8107097320336247,2
-2.1432121090323166,0.2677713210766847,0
3.065382106985908,3.0390539808606585,2
1.3975582808930396,0.7615229081251093,2
-0.028226570483806675,-0.5086437300707566,1
0.06661039908151974,0.5933010828606052,0
-0.33681756326473916,-0.05408537362016669,0
-2.0548190785161613,0.43135847309758274,0
-2.018247517632309,0.4844378853877597,0
-1.5472815418726247,-0.055194119653981806,0
-2.079016025944713,0.670621526854721,0
-1.0707254691594832,-0.009861674308359913,0
-1.604730052559191,0.12841263482327214,0
1.5080806046213706,-1.063424789599523,1
0.2703701596930383,0.6224171222592145,1
-0.4135431260933758,0.014953363867724915,0
0.8646218587986336,-0.9889076190560148,1
1.609541794670419,-0.5941684436487087,1
-1.0005048207932932,-0.19508064881579773,0
4.374141483130188,2.700303274464537,2
0.6309346860705752,-1.4225520242495195,1
1.947180738160098,-1.2416062946538287,1
-1.7709176403108875,0.44744089141244114,0
-1.418938736406919,0.10082500967394686,0
-1.6197358759587794,0.07123058176211741,0
-2.0461595407579862,0.3709523316490764,0
-1.830832309283087,0.33850007759109896,0
-1.6270584347299364,0.13259887103651122,0
-1.41188693551042,0.2770920063297248,0
-0.40171829096168604,-0.5181623810620573,0
1.2601070544886228,-0.7402368565438567,1
1.8159961132168996,-1.3507733590127706,1
-1.6756337109493642,0.25686817702507736,0
-1.972968743798882,0.47798470862746656,0
-2.1886148037470488,0.5701510392311745,0
1.496948716942554,-0.0797669490117054,1
-1.9121407397333685,-0.0595981975003527,0
1.845642890138378,0.04631333497239096,1
1.0206601911151336,-1.00864108361344,1
-1.823162506526705,0.0431966730820118,0
1.6176514468263712,-1.5581629392709457,1
-0.12153334920018447,0.9755592092482299,0
-0.32484542746678546,-0.1719206247979067,0
1.9258340607720668,-1.5504303355620956,1
0.42782504789814,-0.7494888434693195,1
-1.4848663136667495,0.22912752123678803,0
2.319542495707326,0.05691557603819425,2
-0.007029301207944753,-0.5052988214588712,1
2.479855985560922,-1.6840808045199729,1
-1.7782503844549662,0.2722857526583485,0
-1.471576204361501,0.34415834066090667,0
-0.17716047081673014,-0.8405544768041711,1
-0.9046520277971143,-0.14874238849258298,0
-1.0197694383902822,0.16144916740244603,0
2.656128552302353,1.2282913503207409,2
1.4419950257841732,-0.5781720444161533,1
1.400007154028992,-0.7603038033572985,1
-1.9342882088907918,0.5316896214303686,0
0.9278945791620609,0.34900793695279386,1
0.6158900377658786,-0.2968517561472228,1
-1.3457407785877398,0.03096586556022548,0
-1.4967967442356556,0.46603679738410186,0
-1.714152579263278,0.14734188171657192,0
2.2429639486236734,-1.5233814525947724,1
1.455941986431112,-1.2460069084339715,1
1.2861229854266656,-1.277663839705925,1
0.47562331786090767,-0.9310421394999593,1
-1.178182650599258,-0.05120944485182278,0
-1.0878820605462403,0.10925897303284063,0
0.8816506905272191,-0.4450776407742981,1
-1.5474512244988852,0.35532155349280276,0
1.9719436337945684,-1.7322636169049432,1
0.42694240791764837,-0.26642884047868265,1
-1.4995071359671714,0.34994468689505204,0
1.8337822584789016,-0.8698691222635236,1
-1.5870938147058278,0.18617298040524566,0
-1.6958419149801858,0.31895361007285483,0
0.08250889646322966,-0.6421959961742042,1
0.6723475169689928,-0.6660383477050439,1
-1.8846802813929748,0.2881213055029258,0
-0.059370313297073186,-0.6755514390783938,1
1.526412627445604,-0.9485254769556045,1
0.3702372564855072,-0.6240172085617969,1
-1.9551358880095393,0.4163519799597671,0
-1.97077068087215,0.36212723140588343,0
-0.7804654343571779,-0.17144020727773623,0
-0.7376311532765573,-0.11546804291573964,0
-1.423037154121034,-0.013044576395960412,0
-0.17700312162730347,-0.48726915988905783,1
-0.01566961192882181,-0.6890641496421032,1
1.92889883030953,-1.4838347366390228,1
1.5226464450458999,0.5867740390321153,1
1.2589518088313545,-1.3942493960874875,1
1.1243766469828633,-0.5495704271394186,1
2.346027423616521,0.34316604604826845,2
-1.8470578437677891,0.4009912606165663,0
-1.986268291870394,0.5978446092210944,0
0.19200055220491102,-0.8983526498410478,1
-2.1025116890024833,0.4385847121266199,0
-0.21598303738216929,-0.07171650957960807,0
2.4527357302943837,1.7898976291672093,2
1.496948716942554,-0.0797669490117054,1
-1.4483804170892425,0.399318497888487,0
1.3373142831326026,-0.5689228521551989,1
-0.36964697584236733,-0.4050841012174676,0
3.5364077220347148,1.47582375043831,2
2.0714578286670453,2.265266810598227,2
-1.3874000945668528,0.4492504052933841,0
1.273848651729249,-1.161387213029648,1
-2.0230440664891836,0.19148694987992998,0
2.469724729014018,1.7888445605675365,2
-2.145171692112795,0.3286136621729358,0
-1.9309629638513235,0.23675852919792562,0
-0.9548091638429346,0.2100572007976854,0
1.1000758417933223,0.557985323434896,1
-0.5958704157765826,-0.31191974251655363,0
2.760787362594926,0.41389448441275967,2
0.6628847961350738,-1.0805740996794588,1
1.2491070938522526,0.1981415674568165,1
-1.8441755644456164,0.45846093721137393,0
-1.3804862950831711,0.27405356571201184,0
-0.10564516513859377,-0.7343388150745875,1
1.27154076638911,-1.1598752103983974,1
-1.7351051072125827,0.20721191950973497,0
1.3205447020794172,-1.107507472998659,1
1.5847031212871066,-0.8356593902451425,1
-2.00868557063885,0.4244932569062835,0
-1.2793363828428945,0.022583938623285137,0
-2.0405472013573496,0.42882799267025146,0
-0.9783943708919064,-0.14048022914042207,0
0.5127089795880916,-0.9362907797211146,1
-0.7091422653466601,1.5250496965818117,0
3.7504547955604854,2.784639934635355,2
0.2842543263583213,-0.6108573151321135,1
2.3871140925078755,0.6414000135331417,2
1.4360643601881529,-1.1172594101565683,1
-1.819933263939617,0.3953894688513293,0
-1.7907231456455481,0.333109871318161,0
2.41888758649562,0.4631134631512699,2
-1.8751947235103525,0.11184448352282869,0
0.6864031026500247,-0.41798223185157596,1
-0.058018475456439934,-0.5069489098155436,1
-0.1950808087609528,0.9227734180738224,0
-2.0871689396138797,0.37726472414486256,0
-0.8038812949552236,0.1887040951743483,0
-1.1814674363128073,-0.22628323456693092,0
-2.0587184213436203,0.31390442172609617,0
-1.5965699780299494,0.24487791644101894,0
-1.2567515799913747,-0.04070931136723472,0
-1.8886981783251162,0.29011146219871925,0
2.3825596471726347,1.138622334963068,2
2.0014845774795456,0.5073030694254665,2
-1.7000948826361653,0.2013327194898621,0
-1.2389828067149846,0.014546082414529449,0
-0.08619364909219814,-0.4467127511155547,1
-1.4311267940280565,0.28027757808778336,0
-1.152740722912129,0.11926356922624518,0
1.9963027461198841,0.6990985959537547,2
-1.6848353273429346,-0.09489546931836627,0
-0.1950808087609528,0.9227734180738224,0
-1.8140255316240532,0.3362477470461175,0
-1.6080411836570272,0.1883264811025181,0
-0.9229145703843054,-0.2065026168502177,0
-1.9786103693572186,0.596878085812992,0
1.1990645352265286,0.3145167919114189,1
-0.5374479742240484,-0.08458569833034782,0
1.9234855760744314,-1.354532696962001,1
-0.21774101568352267,-0.30854246301501975,1
-0.0856653307363333,-0.738076389957788,1
2.3235522044524237,0.28906102679748275,2
-2.16157341801425,0.3296410466394665,0
-1.4671068023255718,0.049998298742608416,0
1.2219017603448177,-0.6703721478429864,1
3.3565644977205547,4.712253412243093,2
3.2859776828172325,3.2627463231241816,2
-1.6797635733643754,0.49363870000332427,0
1.0701773312249139,0.5647290519580164,1
3.3309291801878405,2.362548131022165,2
0.7923026071963839,-0.9150604079828031,1
0.9676477500697708,-0.5180000101258463,1
1.9259546374742564,1.5592408818431698,2
3.1295966808981146,1.831749486949897,2
1.8197261125331659,-0.5661788721538574,1
0.01854833060396628,-0.8124572070728421,1
0.5095736362084489,0.767468392245572,1
-1.0452585574460742,-0.06748741023409804,0
-1.5868085916900898,0.00788693958170452,0
0.6996291288084775,0.3249413345212635,1
-1.5954920689791663,0.48315903535845167,0
-1.7567739149176853,0.21085828174795035,0
-1.3915081232021909,0.4497128560551241,0
2.0482041702587277,-0.09948732251426372,1
1.7175049612748339,0.3597902494087382,1
2.57264803189952,0.2515145296898172,2
0.6864031026500247,-0.41798223185157596,1
-2.071659229796269,0.49353345850876223,0
2.3142981443076125,-1.120412787840524,1
-1.5108645068726982,0.2913944034981443,0
-2.0398265735676926,0.4878190666049555,0
3.4814827269935193,1.3598706299462988,2
2.388382212898728,0.1601691677235939,2
-2.004913316626474,0.011326613260514892,0
-1.170599411528993,0.06572031862310412,0
0.6176787483832067,0.6912737695792152,1
0.6301896622594896,0.5110175720022411,1
-1.2219946872252974,-0.10596463201110867,0
-1.867439492960172,0.11076891498800023,0
0.8645447540286042,-1.2261444205382044,1
0.01854833060396628,-0.8124572070728421,1
0.9845738314215609,-0.8268729408277374,1
-2.072981215611708,0.3770117105556428,0
-0.7959029087799924,-0.4607727498668653,0
1.0621579259341805,-0.9471513688519778,1
-0.8793196943021934,1.2554749347742808,0
-2.286154999214869,0.46682340469747374,0
-1.530900867520626,0.41217623672510206,0
0.128673632678715,-1.0029411705263342,1
1.806693361125458,-0.6316796442274554,1
-1.4702220070886822,0.1668748781636474,0
1.4810712535148998,-0.6474446711645035,1
-2.360612327278477,0.3007879418586,0
-1.7905408052219554,0.4501810051792886,0
-1.6567497706401701,0.1362601949498154,0
1.128684028243753,-0.4236850374760785,1
-2.038299989407747,0.36957792908434606,0
-0.40744299814193163,-0.5715544574748133,0
-0.0026157556609298846,-0.5129476836324942,1
2.5120822001938286,1.8469017856473349,2
-2.0227030685105283,0.014576522146188172,0
-1.6493884916211414,0.25306616693076417,0
0.9964635161155432,0.46139291984940395,1
0.5773866717909569,-1.009614308160301,1
1.106033043090881,-1.3821268631960861,1
0.12315782129830387,-0.6499324011359241,1
0.21290390447443028,2.085402992135369,0
-1.8303592069121737,0.22136152048786792,0
-1.3517147848275004,1.2687089258848836,0
1.0490463129912262,-1.4200477134036225,1
-2.1817241414142274,0.6273305731586934,0
-1.7761670045322657,0.3894790177318711,0
0.9987424253861646,-0.6955865075883614,1
1.1315528914812327,0.2566998268673467,1
1.4632085931823962,0.46763273144279177,1
0.9210888334680923,-0.8764584545378102,1
-0.6905236412731279,-0.18264945635956537,0
